﻿<?xml version="1.0" encoding="utf-8"?>
<BuildReasons>
  <Rule ID="$(AS_PROJECT_PATH)\temp\objects\config1\4pp065_0571_p74\visu\visu.mak">
    <BuildReason>Rule is forced.</BuildReason>
  </Rule>
  <Rule ID="$(AS_PROJECT_PATH)\temp\objects\config1\4pp065_0571_p74\sysconf.br">
    <BuildReason>Prerequiste "$(AS_PROJECT_PATH)\physical\config1\hardware.hw" differs.
</BuildReason>
  </Rule>
  <Rule ID="$(AS_PROJECT_PATH)\temp\objects\config1\4pp065_0571_p74\ashwac.br">
    <BuildReason>Prerequiste "$(AS_PROJECT_PATH)\physical\config1\hardware.hw" differs.
</BuildReason>
  </Rule>
  <Rule ID="$(AS_PROJECT_PATH)\temp\objects\config1\4pp065_0571_p74\acp10map.br">
    <BuildReason>Prerequiste "$(AS_PROJECT_PATH)\physical\config1\hardware.hw" differs.
</BuildReason>
  </Rule>
  <Rule ID="$(AS_PROJECT_PATH)\temp\objects\config1\4pp065_0571_p74\acp10cfg.br">
    <BuildReason>Prerequiste "$(AS_PROJECT_PATH)\physical\config1\hardware.hw" differs.
</BuildReason>
  </Rule>
  <Rule ID="$(AS_PROJECT_PATH)\temp\objects\config1\4pp065_0571_p74\asfw.br">
    <BuildReason>Prerequiste "$(AS_PROJECT_PATH)\physical\config1\hardware.hw" differs.
</BuildReason>
  </Rule>
  <Rule ID="$(AS_PROJECT_PATH)\temp\objects\config1\4pp065_0571_p74\visu.br">
    <BuildReason>Rule is forced.</BuildReason>
  </Rule>
  <Rule ID="$(AS_PROJECT_PATH)\temp\objects\config1\4pp065_0571_p74\ashwd.br">
    <BuildReason>Prerequiste "$(AS_PROJECT_PATH)\physical\config1\hardware.hw" differs.
</BuildReason>
  </Rule>
  <Rule ID="$(AS_PROJECT_PATH)\temp\objects\config1\4pp065_0571_p74\arconfig.br">
    <BuildReason>Prerequiste "$(AS_PROJECT_PATH)\physical\config1\hardware.hw" differs.
</BuildReason>
  </Rule>
  <Rule ID="$(AS_PROJECT_PATH)\temp\objects\config1\4pp065_0571_p74\iomap.br">
    <BuildReason>Prerequiste "$(AS_PROJECT_PATH)\physical\config1\hardware.hw" differs.
</BuildReason>
  </Rule>
  <Rule ID="#cpu_tp.mak">
    <BuildReason>Rule is forced.</BuildReason>
  </Rule>
  <Rule ID="$(AS_PROJECT_PATH)\binaries\config1\4pp065_0571_p74\transfer.lst">
    <BuildReason>Prerequiste "$(AS_PROJECT_PATH)\temp\objects\config1\4pp065_0571_p74\visu.br" differs.
</BuildReason>
  </Rule>
</BuildReasons>