<?xml version="1.0" encoding="utf-8"?>
<?AutomationRuntimeIOSystem Version="1.0"?>
<IO xmlns="http://www.br-automation.com/AR/IO">
<Links>
<LN ID="%ID.SerialNumber" Type="UDINT">
<Prod Device="$root" DPName="SerialNumber" Kind="io"/>
</LN>
<LN ID="%IW.ModuleID" Type="UINT">
<Prod Device="$root" DPName="ModuleID" Kind="io"/>
</LN>
<LN ID="%ID.PowerOnCycles" Type="UDINT">
<Prod Device="$root" DPName="PowerOnCycles" Kind="io"/>
</LN>
<LN ID="%ID.OperatingHoursPP" Type="UDINT">
<Prod Device="$root" DPName="OperatingHoursPP" Kind="io"/>
</LN>
<LN ID="%IB.BatteryStatusCPU" Type="USINT">
<Prod Device="$root" DPName="BatteryStatusCPU" Kind="io"/>
</LN>
<LN ID="%IW.TemperatureCPU" Type="UINT">
<Prod Device="$root" DPName="TemperatureCPU" Kind="io"/>
</LN>
<LN ID="%IW.TemperatureENV" Type="UINT">
<Prod Device="$root" DPName="TemperatureENV" Kind="io"/>
</LN>
<LN ID="%ID.SystemTime" Type="DINT">
<Prod Device="$root" DPName="SystemTime" Kind="io"/>
</LN>
<LN ID="%IX.IF4.LinkOk" Type="BOOL">
<Prod Device="$root" DPName="IF4.LinkOk" Kind="io"/>
</LN>
<LN ID="%IB.IF4.NodeNumber" Type="USINT">
<Prod Device="$root" DPName="IF4.NodeNumber" Kind="io"/>
</LN>
<LN ID="%IX.IF4.CycleOk" Type="BOOL">
<Prod Device="$root" DPName="IF4.CycleOk" Kind="io"/>
</LN>
<LN ID="%IX.IF4.SyncOk" Type="BOOL">
<Prod Device="$root" DPName="IF4.SyncOk" Kind="io"/>
</LN>
<LN ID="%ID.IF4.TimeSeconds" Type="UDINT">
<Prod Device="$root" DPName="IF4.TimeSeconds" Kind="io"/>
</LN>
<LN ID="%ID.IF4.TimeNanoseconds" Type="UDINT">
<Prod Device="$root" DPName="IF4.TimeNanoseconds" Kind="io"/>
</LN>
<LN ID="%ID.IF4.NettimeSoC" Type="DINT">
<Prod Device="$root" DPName="IF4.NettimeSoC" Kind="io"/>
</LN>
<LN ID="%ID.IF4.NettimeOffset" Type="DINT">
<Prod Device="$root" DPName="IF4.NettimeOffset" Kind="io"/>
</LN>
<LN ID="%ID.IF4.CycleCount" Type="UDINT">
<Prod Device="$root" DPName="IF4.CycleCount" Kind="io"/>
</LN>
<LN ID="%ID.IF4.FailedCycleCount" Type="UDINT">
<Prod Device="$root" DPName="IF4.FailedCycleCount" Kind="io"/>
</LN>
<LN ID="%ID.IF4.CycleTimeViolationCount" Type="UDINT">
<Prod Device="$root" DPName="IF4.CycleTimeViolationCount" Kind="io"/>
</LN>
<LN ID="%ID.IF4.CycleIdleTime" Type="UDINT">
<Prod Device="$root" DPName="IF4.CycleIdleTime" Kind="io"/>
</LN>
<LN ID="%ID.IF4.CycleCongestionCount" Type="UDINT">
<Prod Device="$root" DPName="IF4.CycleCongestionCount" Kind="io"/>
</LN>
<LN ID="%IB.IF5.NodeSwitch" Type="USINT">
<Prod Device="$root" DPName="IF5.NodeSwitch" Kind="io"/>
</LN>
<LN ID="%IX.IF4.ST1.ModuleOk" Type="BOOL">
<Prod Device="IF4.ST1" DPName="ModuleOk" Kind="io"/>
</LN>
<LN ID="%ID.IF4.ST1.SerialNumber" Type="UDINT">
<Prod Device="IF4.ST1" DPName="SerialNumber" Kind="io"/>
</LN>
<LN ID="%ID.IF4.ST1.ModuleID" Type="UDINT">
<Prod Device="IF4.ST1" DPName="ModuleID" Kind="io"/>
</LN>
<LN ID="%ID.IF4.ST1.HardwareVariant" Type="UDINT">
<Prod Device="IF4.ST1" DPName="HardwareVariant" Kind="io"/>
</LN>
<LN ID="%ID.IF4.ST1.FirmwareVersion" Type="UDINT">
<Prod Device="IF4.ST1" DPName="FirmwareVersion" Kind="io"/>
</LN>
<LN ID="%ID.IF4.ST1.UDID_low" Type="UDINT">
<Prod Device="IF4.ST1" DPName="UDID_low" Kind="io"/>
</LN>
<LN ID="%IW.IF4.ST1.UDID_high" Type="UINT">
<Prod Device="IF4.ST1" DPName="UDID_high" Kind="io"/>
</LN>
<LN ID="%QX.IF4.ST1.BOOL101" Type="BOOL">
<Cons Device="IF4.ST1" DPName="BOOL101" Kind="io"/>
</LN>
<LN ID="%QX.IF4.ST1.BOOL102" Type="BOOL">
<Cons Device="IF4.ST1" DPName="BOOL102" Kind="io"/>
</LN>
<LN ID="%QX.IF4.ST1.BOOL103" Type="BOOL">
<Cons Device="IF4.ST1" DPName="BOOL103" Kind="io"/>
</LN>
<LN ID="%QX.IF4.ST1.BOOL104" Type="BOOL">
<Cons Device="IF4.ST1" DPName="BOOL104" Kind="io"/>
</LN>
<LN ID="%QX.IF4.ST1.BOOL105" Type="BOOL">
<Cons Device="IF4.ST1" DPName="BOOL105" Kind="io"/>
</LN>
<LN ID="%QX.IF4.ST1.BOOL106" Type="BOOL">
<Cons Device="IF4.ST1" DPName="BOOL106" Kind="io"/>
</LN>
<LN ID="%QX.IF4.ST1.BOOL107" Type="BOOL">
<Cons Device="IF4.ST1" DPName="BOOL107" Kind="io"/>
</LN>
<LN ID="%QX.IF4.ST1.BOOL108" Type="BOOL">
<Cons Device="IF4.ST1" DPName="BOOL108" Kind="io"/>
</LN>
<LN ID="%IX.IF4.ST1.BOOL001" Type="BOOL">
<Prod Device="IF4.ST1" DPName="BOOL001" Kind="io"/>
</LN>
<LN ID="%IX.IF4.ST1.BOOL002" Type="BOOL">
<Prod Device="IF4.ST1" DPName="BOOL002" Kind="io"/>
</LN>
<LN ID="%IX.IF4.ST1.BOOL003" Type="BOOL">
<Prod Device="IF4.ST1" DPName="BOOL003" Kind="io"/>
</LN>
<LN ID="%IX.IF4.ST1.BOOL004" Type="BOOL">
<Prod Device="IF4.ST1" DPName="BOOL004" Kind="io"/>
</LN>
<LN ID="%IX.IF4.ST1.BOOL005" Type="BOOL">
<Prod Device="IF4.ST1" DPName="BOOL005" Kind="io"/>
</LN>
<LN ID="%IX.IF4.ST1.BOOL006" Type="BOOL">
<Prod Device="IF4.ST1" DPName="BOOL006" Kind="io"/>
</LN>
<LN ID="%IX.IF4.ST1.BOOL007" Type="BOOL">
<Prod Device="IF4.ST1" DPName="BOOL007" Kind="io"/>
</LN>
<LN ID="%IX.IF4.ST1.BOOL008" Type="BOOL">
<Prod Device="IF4.ST1" DPName="BOOL008" Kind="io"/>
</LN>
<LN ID="%IX.IF4.ST2.ModuleOk" Type="BOOL">
<Prod Device="IF4.ST2" DPName="ModuleOk" Kind="io"/>
</LN>
<LN ID="%ID.IF4.ST2.SerialNumber" Type="UDINT">
<Prod Device="IF4.ST2" DPName="SerialNumber" Kind="io"/>
</LN>
<LN ID="%IW.IF4.ST2.ModuleID" Type="UINT">
<Prod Device="IF4.ST2" DPName="ModuleID" Kind="io"/>
</LN>
<LN ID="%IW.IF4.ST2.HardwareVariant" Type="UINT">
<Prod Device="IF4.ST2" DPName="HardwareVariant" Kind="io"/>
</LN>
<LN ID="%IW.IF4.ST2.FirmwareVersion" Type="UINT">
<Prod Device="IF4.ST2" DPName="FirmwareVersion" Kind="io"/>
</LN>
<LN ID="%ID.IF4.ST2.EthRxLost" Type="DINT">
<Prod Device="IF4.ST2" DPName="EthRxLost" Kind="io"/>
</LN>
<LN ID="%ID.IF4.ST2.EthRxOversize" Type="DINT">
<Prod Device="IF4.ST2" DPName="EthRxOversize" Kind="io"/>
</LN>
<LN ID="%ID.IF4.ST2.EthRxCRCError" Type="DINT">
<Prod Device="IF4.ST2" DPName="EthRxCRCError" Kind="io"/>
</LN>
<LN ID="%ID.IF4.ST2.EthRxOverflow" Type="DINT">
<Prod Device="IF4.ST2" DPName="EthRxOverflow" Kind="io"/>
</LN>
<LN ID="%ID.IF4.ST2.EthTxCollision" Type="DINT">
<Prod Device="IF4.ST2" DPName="EthTxCollision" Kind="io"/>
</LN>
<LN ID="%IX.IF4.ST2.EthPhy1LinkOk" Type="BOOL">
<Prod Device="IF4.ST2" DPName="EthPhy1LinkOk" Kind="io"/>
</LN>
<LN ID="%ID.IF4.ST2.EthPhy1LinkLoss" Type="DINT">
<Prod Device="IF4.ST2" DPName="EthPhy1LinkLoss" Kind="io"/>
</LN>
<LN ID="%IX.IF4.ST2.EthPhy2LinkOk" Type="BOOL">
<Prod Device="IF4.ST2" DPName="EthPhy2LinkOk" Kind="io"/>
</LN>
<LN ID="%ID.IF4.ST2.EthPhy2LinkLoss" Type="DINT">
<Prod Device="IF4.ST2" DPName="EthPhy2LinkLoss" Kind="io"/>
</LN>
<LN ID="%ID.IF4.ST2.Nettime" Type="DINT">
<Prod Device="IF4.ST2" DPName="Nettime" Kind="io"/>
</LN>
<LN ID="%ID.IF4.ST2.IF1.CycleCount" Type="DINT">
<Prod Device="IF4.ST2" DPName="IF1.CycleCount" Kind="io"/>
</LN>
<LN ID="%ID.IF4.ST2.IF1.BreakCount" Type="DINT">
<Prod Device="IF4.ST2" DPName="IF1.BreakCount" Kind="io"/>
</LN>
<LN ID="%ID.IF4.ST2.IF1.SyncErrorCount" Type="DINT">
<Prod Device="IF4.ST2" DPName="IF1.SyncErrorCount" Kind="io"/>
</LN>
<LN ID="%ID.IF4.ST2.IF1.SyncBusyErrorCount" Type="DINT">
<Prod Device="IF4.ST2" DPName="IF1.SyncBusyErrorCount" Kind="io"/>
</LN>
<LN ID="%ID.IF4.ST2.IF1.SyncNoRxErrorCount" Type="DINT">
<Prod Device="IF4.ST2" DPName="IF1.SyncNoRxErrorCount" Kind="io"/>
</LN>
<LN ID="%ID.IF4.ST2.IF1.SyncFormatErrorCount" Type="DINT">
<Prod Device="IF4.ST2" DPName="IF1.SyncFormatErrorCount" Kind="io"/>
</LN>
<LN ID="%ID.IF4.ST2.IF1.SyncPendingErrorCount" Type="DINT">
<Prod Device="IF4.ST2" DPName="IF1.SyncPendingErrorCount" Kind="io"/>
</LN>
<LN ID="%ID.IF4.ST2.IF1.AsyncErrorCount" Type="DINT">
<Prod Device="IF4.ST2" DPName="IF1.AsyncErrorCount" Kind="io"/>
</LN>
<LN ID="%ID.IF4.ST2.IF1.AsyncBusyErrorCount" Type="DINT">
<Prod Device="IF4.ST2" DPName="IF1.AsyncBusyErrorCount" Kind="io"/>
</LN>
<LN ID="%ID.IF4.ST2.IF1.AsyncNoRxErrorCount" Type="DINT">
<Prod Device="IF4.ST2" DPName="IF1.AsyncNoRxErrorCount" Kind="io"/>
</LN>
<LN ID="%ID.IF4.ST2.IF1.AsyncFormatErrorCount" Type="DINT">
<Prod Device="IF4.ST2" DPName="IF1.AsyncFormatErrorCount" Kind="io"/>
</LN>
<LN ID="%ID.IF4.ST2.IF1.AsyncPendingErrorCount" Type="DINT">
<Prod Device="IF4.ST2" DPName="IF1.AsyncPendingErrorCount" Kind="io"/>
</LN>
<LN ID="%ID.IF4.ST2.IF1.ModuleLostWhileOperational" Type="DINT">
<Prod Device="IF4.ST2" DPName="IF1.ModuleLostWhileOperational" Kind="io"/>
</LN>
<LN ID="%ID.IF4.ST2.IF1.ModuleNewWhileOperational" Type="DINT">
<Prod Device="IF4.ST2" DPName="IF1.ModuleNewWhileOperational" Kind="io"/>
</LN>
<LN ID="%IB.IF4.ST2.IF1.StationAtBusEnd" Type="USINT">
<Prod Device="IF4.ST2" DPName="IF1.StationAtBusEnd" Kind="io"/>
</LN>
<LN ID="%ID.IF4.ST2.IF1.StationAtBusEndChangeTime" Type="DATE_AND_TIME">
<Prod Device="IF4.ST2" DPName="IF1.StationAtBusEndChangeTime" Kind="io"/>
</LN>
<LN ID="%IB.IF4.ST2.IF1.StationPastOutFrameError" Type="USINT">
<Prod Device="IF4.ST2" DPName="IF1.StationPastOutFrameError" Kind="io"/>
</LN>
<LN ID="%ID.IF4.ST2.IF1.StationPastOutFrameErrorChangeTime" Type="DATE_AND_TIME">
<Prod Device="IF4.ST2" DPName="IF1.StationPastOutFrameErrorChangeTime" Kind="io"/>
</LN>
<LN ID="%IB.IF4.ST2.IF1.StationPastInFrameError" Type="USINT">
<Prod Device="IF4.ST2" DPName="IF1.StationPastInFrameError" Kind="io"/>
</LN>
<LN ID="%ID.IF4.ST2.IF1.StationPastInFrameErrorChangeTime" Type="DATE_AND_TIME">
<Prod Device="IF4.ST2" DPName="IF1.StationPastInFrameErrorChangeTime" Kind="io"/>
</LN>
<LN ID="%IB.IF4.ST2.IF1.NrOfStationsMax" Type="USINT">
<Prod Device="IF4.ST2" DPName="IF1.NrOfStationsMax" Kind="io"/>
</LN>
<LN ID="%IB.IF4.ST2.IF1.NrOfStationsConfigured" Type="USINT">
<Prod Device="IF4.ST2" DPName="IF1.NrOfStationsConfigured" Kind="io"/>
</LN>
<LN ID="%ID.IF4.ST2.IF1.SyncInFrameSize" Type="DINT">
<Prod Device="IF4.ST2" DPName="IF1.SyncInFrameSize" Kind="io"/>
</LN>
<LN ID="%ID.IF4.ST2.IF1.SyncOutFrameSize" Type="DINT">
<Prod Device="IF4.ST2" DPName="IF1.SyncOutFrameSize" Kind="io"/>
</LN>
<LN ID="%ID.IF4.ST2.IF1.AsyncFrameSize" Type="DINT">
<Prod Device="IF4.ST2" DPName="IF1.AsyncFrameSize" Kind="io"/>
</LN>
<LN ID="%ID.IF4.ST2.IF1.AsyncFrameSpareSize" Type="DINT">
<Prod Device="IF4.ST2" DPName="IF1.AsyncFrameSpareSize" Kind="io"/>
</LN>
<LN ID="%ID.IF4.ST2.IF1.BusLengthConfigured" Type="DINT">
<Prod Device="IF4.ST2" DPName="IF1.BusLengthConfigured" Kind="io"/>
</LN>
<LN ID="%IX.IF4.ST2.IF1.ST2.ModuleOk" Type="BOOL">
<Prod Device="IF4.ST2.IF1.ST2" DPName="ModuleOk" Kind="io"/>
</LN>
<LN ID="%IX.IF4.ST2.IF1.ST2.StaleData" Type="BOOL">
<Prod Device="IF4.ST2.IF1.ST2" DPName="StaleData" Kind="io"/>
</LN>
<LN ID="%ID.IF4.ST2.IF1.ST2.SerialNumber" Type="UDINT">
<Prod Device="IF4.ST2.IF1.ST2" DPName="SerialNumber" Kind="io"/>
</LN>
<LN ID="%IW.IF4.ST2.IF1.ST2.ModuleID" Type="UINT">
<Prod Device="IF4.ST2.IF1.ST2" DPName="ModuleID" Kind="io"/>
</LN>
<LN ID="%IW.IF4.ST2.IF1.ST2.HardwareVariant" Type="UINT">
<Prod Device="IF4.ST2.IF1.ST2" DPName="HardwareVariant" Kind="io"/>
</LN>
<LN ID="%IW.IF4.ST2.IF1.ST2.FirmwareVersion" Type="UINT">
<Prod Device="IF4.ST2.IF1.ST2" DPName="FirmwareVersion" Kind="io"/>
</LN>
<LN ID="%IB.IF4.ST2.IF1.ST2.LifeCnt" Type="SINT">
<Prod Device="IF4.ST2.IF1.ST2" DPName="LifeCnt" Kind="io"/>
</LN>
<LN ID="%QW.IF4.ST2.IF1.ST2.SetTime01" Type="INT">
<Cons Device="IF4.ST2.IF1.ST2" DPName="SetTime01" Kind="io"/>
</LN>
<LN ID="%QW.IF4.ST2.IF1.ST2.Motor1Step0" Type="INT">
<Cons Device="IF4.ST2.IF1.ST2" DPName="Motor1Step0" Kind="io"/>
</LN>
<LN ID="%QX.IF4.ST2.IF1.ST2.DriveEnable01" Type="BOOL">
<Cons Device="IF4.ST2.IF1.ST2" DPName="DriveEnable01" Kind="io"/>
</LN>
<LN ID="%QX.IF4.ST2.IF1.ST2.BoostCurrent01" Type="BOOL">
<Cons Device="IF4.ST2.IF1.ST2" DPName="BoostCurrent01" Kind="io"/>
</LN>
<LN ID="%QX.IF4.ST2.IF1.ST2.StandstillCurrent01" Type="BOOL">
<Cons Device="IF4.ST2.IF1.ST2" DPName="StandstillCurrent01" Kind="io"/>
</LN>
<LN ID="%QX.IF4.ST2.IF1.ST2.ClearError01" Type="BOOL">
<Cons Device="IF4.ST2.IF1.ST2" DPName="ClearError01" Kind="io"/>
</LN>
<LN ID="%IX.IF4.ST2.IF1.ST2.DrvOk01" Type="BOOL">
<Prod Device="IF4.ST2.IF1.ST2" DPName="DrvOk01" Kind="io"/>
</LN>
<LN ID="%IX.IF4.ST2.IF1.ST2.StallError01" Type="BOOL">
<Prod Device="IF4.ST2.IF1.ST2" DPName="StallError01" Kind="io"/>
</LN>
<LN ID="%IX.IF4.ST2.IF1.ST2.OvertemperatureError01" Type="BOOL">
<Prod Device="IF4.ST2.IF1.ST2" DPName="OvertemperatureError01" Kind="io"/>
</LN>
<LN ID="%IX.IF4.ST2.IF1.ST2.CurrentError01" Type="BOOL">
<Prod Device="IF4.ST2.IF1.ST2" DPName="CurrentError01" Kind="io"/>
</LN>
<LN ID="%IX.IF4.ST2.IF1.ST2.OvercurrentError01" Type="BOOL">
<Prod Device="IF4.ST2.IF1.ST2" DPName="OvercurrentError01" Kind="io"/>
</LN>
<LN ID="%IW.IF4.ST2.IF1.ST2.ActPos01" Type="INT">
<Prod Device="IF4.ST2.IF1.ST2" DPName="ActPos01" Kind="io"/>
</LN>
<LN ID="%IW.IF4.ST2.IF1.ST2.RefPulsePos01" Type="INT">
<Prod Device="IF4.ST2.IF1.ST2" DPName="RefPulsePos01" Kind="io"/>
</LN>
<LN ID="%IB.IF4.ST2.IF1.ST2.RefPulseCnt01" Type="SINT">
<Prod Device="IF4.ST2.IF1.ST2" DPName="RefPulseCnt01" Kind="io"/>
</LN>
<LN ID="%IX.IF4.ST2.IF1.ST2.EncOk01" Type="BOOL">
<Prod Device="IF4.ST2.IF1.ST2" DPName="EncOk01" Kind="io"/>
</LN>
<LN ID="%IW.IF4.ST2.IF1.ST2.ActTime01" Type="INT">
<Prod Device="IF4.ST2.IF1.ST2" DPName="ActTime01" Kind="io"/>
</LN>
<LN ID="%IW.IF4.ST2.IF1.ST2.TriggerTime01" Type="INT">
<Prod Device="IF4.ST2.IF1.ST2" DPName="TriggerTime01" Kind="io"/>
</LN>
<LN ID="%IB.IF4.ST2.IF1.ST2.TriggerCnt01" Type="SINT">
<Prod Device="IF4.ST2.IF1.ST2" DPName="TriggerCnt01" Kind="io"/>
</LN>
<LN ID="%IX.IF4.ST2.IF1.ST2.StatusInput01" Type="BOOL">
<Prod Device="IF4.ST2.IF1.ST2" DPName="StatusInput01" Kind="io"/>
</LN>
<LN ID="%IX.IF4.ST2.IF1.ST2.StatusInput02" Type="BOOL">
<Prod Device="IF4.ST2.IF1.ST2" DPName="StatusInput02" Kind="io"/>
</LN>
<LN ID="%IX.IF4.ST2.IF1.ST2.StatusInput03" Type="BOOL">
<Prod Device="IF4.ST2.IF1.ST2" DPName="StatusInput03" Kind="io"/>
</LN>
<LN ID="%IX.IF4.ST2.IF1.ST2.StatusInput04" Type="BOOL">
<Prod Device="IF4.ST2.IF1.ST2" DPName="StatusInput04" Kind="io"/>
</LN>
<LN ID="%IX.IF4.ST2.IF1.ST2.ModulePowerSupplyError" Type="BOOL">
<Prod Device="IF4.ST2.IF1.ST2" DPName="ModulePowerSupplyError" Kind="io"/>
</LN>
<LN ID="%IW.IF4.ST2.IF1.ST2.BusModuleId" Type="UINT">
<Prod Device="IF4.ST2.IF1.ST2" DPName="BusModuleId" Kind="io"/>
</LN>
<LN ID="%IB.IF4.ST2.IF1.ST2.ModeOfOperation" Type="USINT">
<Prod Device="IF4.ST2.IF1.ST2" DPName="ModeOfOperation" Kind="io"/>
</LN>
<LN ID="%ID.IF4.ST2.IF1.ST2.ModeOfOperationChangeTime" Type="DATE_AND_TIME">
<Prod Device="IF4.ST2.IF1.ST2" DPName="ModeOfOperationChangeTime" Kind="io"/>
</LN>
<LN ID="%ID.IF4.ST2.IF1.ST2.NrOfResets" Type="DINT">
<Prod Device="IF4.ST2.IF1.ST2" DPName="NrOfResets" Kind="io"/>
</LN>
<LN ID="%ID.IF4.ST2.IF1.ST2.NrOfResetsChangeTime" Type="DATE_AND_TIME">
<Prod Device="IF4.ST2.IF1.ST2" DPName="NrOfResetsChangeTime" Kind="io"/>
</LN>
<LN ID="%ID.IF4.ST2.IF1.ST2.NrOfInits" Type="DINT">
<Prod Device="IF4.ST2.IF1.ST2" DPName="NrOfInits" Kind="io"/>
</LN>
<LN ID="%ID.IF4.ST2.IF1.ST2.NrOfInitsChangeTime" Type="DATE_AND_TIME">
<Prod Device="IF4.ST2.IF1.ST2" DPName="NrOfInitsChangeTime" Kind="io"/>
</LN>
<LN ID="%ID.IF4.ST2.IF1.ST2.NrOfFwUpdates" Type="DINT">
<Prod Device="IF4.ST2.IF1.ST2" DPName="NrOfFwUpdates" Kind="io"/>
</LN>
<LN ID="%ID.IF4.ST2.IF1.ST2.NrOfFwUpdatesChangeTime" Type="DATE_AND_TIME">
<Prod Device="IF4.ST2.IF1.ST2" DPName="NrOfFwUpdatesChangeTime" Kind="io"/>
</LN>
<LN ID="%ID.IF4.ST2.IF1.ST2.ModuleNoComm" Type="DINT">
<Prod Device="IF4.ST2.IF1.ST2" DPName="ModuleNoComm" Kind="io"/>
</LN>
<LN ID="%ID.IF4.ST2.IF1.ST2.ModuleNoCommChangeTime" Type="DATE_AND_TIME">
<Prod Device="IF4.ST2.IF1.ST2" DPName="ModuleNoCommChangeTime" Kind="io"/>
</LN>
<LN ID="%ID.IF4.ST2.IF1.ST2.ModuleCommError" Type="DINT">
<Prod Device="IF4.ST2.IF1.ST2" DPName="ModuleCommError" Kind="io"/>
</LN>
<LN ID="%ID.IF4.ST2.IF1.ST2.ModuleCommErrorChangeTime" Type="DATE_AND_TIME">
<Prod Device="IF4.ST2.IF1.ST2" DPName="ModuleCommErrorChangeTime" Kind="io"/>
</LN>
<LN ID="%IX.IF4.ST2.IF1.ST3.ModuleOk" Type="BOOL">
<Prod Device="IF4.ST2.IF1.ST3" DPName="ModuleOk" Kind="io"/>
</LN>
<LN ID="%IX.IF4.ST2.IF1.ST3.StaleData" Type="BOOL">
<Prod Device="IF4.ST2.IF1.ST3" DPName="StaleData" Kind="io"/>
</LN>
<LN ID="%ID.IF4.ST2.IF1.ST3.SerialNumber" Type="UDINT">
<Prod Device="IF4.ST2.IF1.ST3" DPName="SerialNumber" Kind="io"/>
</LN>
<LN ID="%IW.IF4.ST2.IF1.ST3.ModuleID" Type="UINT">
<Prod Device="IF4.ST2.IF1.ST3" DPName="ModuleID" Kind="io"/>
</LN>
<LN ID="%IW.IF4.ST2.IF1.ST3.HardwareVariant" Type="UINT">
<Prod Device="IF4.ST2.IF1.ST3" DPName="HardwareVariant" Kind="io"/>
</LN>
<LN ID="%IW.IF4.ST2.IF1.ST3.FirmwareVersion" Type="UINT">
<Prod Device="IF4.ST2.IF1.ST3" DPName="FirmwareVersion" Kind="io"/>
</LN>
<LN ID="%IB.IF4.ST2.IF1.ST3.LifeCnt" Type="SINT">
<Prod Device="IF4.ST2.IF1.ST3" DPName="LifeCnt" Kind="io"/>
</LN>
<LN ID="%QW.IF4.ST2.IF1.ST3.SetTime01" Type="INT">
<Cons Device="IF4.ST2.IF1.ST3" DPName="SetTime01" Kind="io"/>
</LN>
<LN ID="%QW.IF4.ST2.IF1.ST3.Motor1Step0" Type="INT">
<Cons Device="IF4.ST2.IF1.ST3" DPName="Motor1Step0" Kind="io"/>
</LN>
<LN ID="%QX.IF4.ST2.IF1.ST3.DriveEnable01" Type="BOOL">
<Cons Device="IF4.ST2.IF1.ST3" DPName="DriveEnable01" Kind="io"/>
</LN>
<LN ID="%QX.IF4.ST2.IF1.ST3.BoostCurrent01" Type="BOOL">
<Cons Device="IF4.ST2.IF1.ST3" DPName="BoostCurrent01" Kind="io"/>
</LN>
<LN ID="%QX.IF4.ST2.IF1.ST3.StandstillCurrent01" Type="BOOL">
<Cons Device="IF4.ST2.IF1.ST3" DPName="StandstillCurrent01" Kind="io"/>
</LN>
<LN ID="%QX.IF4.ST2.IF1.ST3.ClearError01" Type="BOOL">
<Cons Device="IF4.ST2.IF1.ST3" DPName="ClearError01" Kind="io"/>
</LN>
<LN ID="%IX.IF4.ST2.IF1.ST3.DrvOk01" Type="BOOL">
<Prod Device="IF4.ST2.IF1.ST3" DPName="DrvOk01" Kind="io"/>
</LN>
<LN ID="%IX.IF4.ST2.IF1.ST3.StallError01" Type="BOOL">
<Prod Device="IF4.ST2.IF1.ST3" DPName="StallError01" Kind="io"/>
</LN>
<LN ID="%IX.IF4.ST2.IF1.ST3.OvertemperatureError01" Type="BOOL">
<Prod Device="IF4.ST2.IF1.ST3" DPName="OvertemperatureError01" Kind="io"/>
</LN>
<LN ID="%IX.IF4.ST2.IF1.ST3.CurrentError01" Type="BOOL">
<Prod Device="IF4.ST2.IF1.ST3" DPName="CurrentError01" Kind="io"/>
</LN>
<LN ID="%IX.IF4.ST2.IF1.ST3.OvercurrentError01" Type="BOOL">
<Prod Device="IF4.ST2.IF1.ST3" DPName="OvercurrentError01" Kind="io"/>
</LN>
<LN ID="%IW.IF4.ST2.IF1.ST3.ActPos01" Type="INT">
<Prod Device="IF4.ST2.IF1.ST3" DPName="ActPos01" Kind="io"/>
</LN>
<LN ID="%IW.IF4.ST2.IF1.ST3.RefPulsePos01" Type="INT">
<Prod Device="IF4.ST2.IF1.ST3" DPName="RefPulsePos01" Kind="io"/>
</LN>
<LN ID="%IB.IF4.ST2.IF1.ST3.RefPulseCnt01" Type="SINT">
<Prod Device="IF4.ST2.IF1.ST3" DPName="RefPulseCnt01" Kind="io"/>
</LN>
<LN ID="%IX.IF4.ST2.IF1.ST3.EncOk01" Type="BOOL">
<Prod Device="IF4.ST2.IF1.ST3" DPName="EncOk01" Kind="io"/>
</LN>
<LN ID="%IW.IF4.ST2.IF1.ST3.ActTime01" Type="INT">
<Prod Device="IF4.ST2.IF1.ST3" DPName="ActTime01" Kind="io"/>
</LN>
<LN ID="%IW.IF4.ST2.IF1.ST3.TriggerTime01" Type="INT">
<Prod Device="IF4.ST2.IF1.ST3" DPName="TriggerTime01" Kind="io"/>
</LN>
<LN ID="%IB.IF4.ST2.IF1.ST3.TriggerCnt01" Type="SINT">
<Prod Device="IF4.ST2.IF1.ST3" DPName="TriggerCnt01" Kind="io"/>
</LN>
<LN ID="%IX.IF4.ST2.IF1.ST3.StatusInput01" Type="BOOL">
<Prod Device="IF4.ST2.IF1.ST3" DPName="StatusInput01" Kind="io"/>
</LN>
<LN ID="%IX.IF4.ST2.IF1.ST3.StatusInput02" Type="BOOL">
<Prod Device="IF4.ST2.IF1.ST3" DPName="StatusInput02" Kind="io"/>
</LN>
<LN ID="%IX.IF4.ST2.IF1.ST3.StatusInput03" Type="BOOL">
<Prod Device="IF4.ST2.IF1.ST3" DPName="StatusInput03" Kind="io"/>
</LN>
<LN ID="%IX.IF4.ST2.IF1.ST3.StatusInput04" Type="BOOL">
<Prod Device="IF4.ST2.IF1.ST3" DPName="StatusInput04" Kind="io"/>
</LN>
<LN ID="%IX.IF4.ST2.IF1.ST3.ModulePowerSupplyError" Type="BOOL">
<Prod Device="IF4.ST2.IF1.ST3" DPName="ModulePowerSupplyError" Kind="io"/>
</LN>
<LN ID="%IW.IF4.ST2.IF1.ST3.BusModuleId" Type="UINT">
<Prod Device="IF4.ST2.IF1.ST3" DPName="BusModuleId" Kind="io"/>
</LN>
<LN ID="%IB.IF4.ST2.IF1.ST3.ModeOfOperation" Type="USINT">
<Prod Device="IF4.ST2.IF1.ST3" DPName="ModeOfOperation" Kind="io"/>
</LN>
<LN ID="%ID.IF4.ST2.IF1.ST3.ModeOfOperationChangeTime" Type="DATE_AND_TIME">
<Prod Device="IF4.ST2.IF1.ST3" DPName="ModeOfOperationChangeTime" Kind="io"/>
</LN>
<LN ID="%ID.IF4.ST2.IF1.ST3.NrOfResets" Type="DINT">
<Prod Device="IF4.ST2.IF1.ST3" DPName="NrOfResets" Kind="io"/>
</LN>
<LN ID="%ID.IF4.ST2.IF1.ST3.NrOfResetsChangeTime" Type="DATE_AND_TIME">
<Prod Device="IF4.ST2.IF1.ST3" DPName="NrOfResetsChangeTime" Kind="io"/>
</LN>
<LN ID="%ID.IF4.ST2.IF1.ST3.NrOfInits" Type="DINT">
<Prod Device="IF4.ST2.IF1.ST3" DPName="NrOfInits" Kind="io"/>
</LN>
<LN ID="%ID.IF4.ST2.IF1.ST3.NrOfInitsChangeTime" Type="DATE_AND_TIME">
<Prod Device="IF4.ST2.IF1.ST3" DPName="NrOfInitsChangeTime" Kind="io"/>
</LN>
<LN ID="%ID.IF4.ST2.IF1.ST3.NrOfFwUpdates" Type="DINT">
<Prod Device="IF4.ST2.IF1.ST3" DPName="NrOfFwUpdates" Kind="io"/>
</LN>
<LN ID="%ID.IF4.ST2.IF1.ST3.NrOfFwUpdatesChangeTime" Type="DATE_AND_TIME">
<Prod Device="IF4.ST2.IF1.ST3" DPName="NrOfFwUpdatesChangeTime" Kind="io"/>
</LN>
<LN ID="%ID.IF4.ST2.IF1.ST3.ModuleNoComm" Type="DINT">
<Prod Device="IF4.ST2.IF1.ST3" DPName="ModuleNoComm" Kind="io"/>
</LN>
<LN ID="%ID.IF4.ST2.IF1.ST3.ModuleNoCommChangeTime" Type="DATE_AND_TIME">
<Prod Device="IF4.ST2.IF1.ST3" DPName="ModuleNoCommChangeTime" Kind="io"/>
</LN>
<LN ID="%ID.IF4.ST2.IF1.ST3.ModuleCommError" Type="DINT">
<Prod Device="IF4.ST2.IF1.ST3" DPName="ModuleCommError" Kind="io"/>
</LN>
<LN ID="%ID.IF4.ST2.IF1.ST3.ModuleCommErrorChangeTime" Type="DATE_AND_TIME">
<Prod Device="IF4.ST2.IF1.ST3" DPName="ModuleCommErrorChangeTime" Kind="io"/>
</LN>
<LN ID="%IX.IF4.ST2.IF1.ST4.ModuleOk" Type="BOOL">
<Prod Device="IF4.ST2.IF1.ST4" DPName="ModuleOk" Kind="io"/>
</LN>
<LN ID="%ID.IF4.ST2.IF1.ST4.SerialNumber" Type="UDINT">
<Prod Device="IF4.ST2.IF1.ST4" DPName="SerialNumber" Kind="io"/>
</LN>
<LN ID="%IW.IF4.ST2.IF1.ST4.ModuleID" Type="UINT">
<Prod Device="IF4.ST2.IF1.ST4" DPName="ModuleID" Kind="io"/>
</LN>
<LN ID="%IW.IF4.ST2.IF1.ST4.HardwareVariant" Type="UINT">
<Prod Device="IF4.ST2.IF1.ST4" DPName="HardwareVariant" Kind="io"/>
</LN>
<LN ID="%IW.IF4.ST2.IF1.ST4.FirmwareVersion" Type="UINT">
<Prod Device="IF4.ST2.IF1.ST4" DPName="FirmwareVersion" Kind="io"/>
</LN>
<LN ID="%QW.IF4.ST2.IF1.ST4.PeriodDurationPWM" Type="UINT">
<Cons Device="IF4.ST2.IF1.ST4" DPName="PeriodDurationPWM" Kind="io"/>
</LN>
<LN ID="%IX.IF4.ST2.IF1.ST4.UnderVoltageError" Type="BOOL">
<Prod Device="IF4.ST2.IF1.ST4" DPName="UnderVoltageError" Kind="io"/>
</LN>
<LN ID="%IX.IF4.ST2.IF1.ST4.VoltageWarning" Type="BOOL">
<Prod Device="IF4.ST2.IF1.ST4" DPName="VoltageWarning" Kind="io"/>
</LN>
<LN ID="%IX.IF4.ST2.IF1.ST4.OverVoltageError" Type="BOOL">
<Prod Device="IF4.ST2.IF1.ST4" DPName="OverVoltageError" Kind="io"/>
</LN>
<LN ID="%IX.IF4.ST2.IF1.ST4.OvertemperatureError" Type="BOOL">
<Prod Device="IF4.ST2.IF1.ST4" DPName="OvertemperatureError" Kind="io"/>
</LN>
<LN ID="%QW.IF4.ST2.IF1.ST4.PulseWidthCurrentPWM01" Type="INT">
<Cons Device="IF4.ST2.IF1.ST4" DPName="PulseWidthCurrentPWM01" Kind="io"/>
</LN>
<LN ID="%QX.IF4.ST2.IF1.ST4.StartLatch01" Type="BOOL">
<Cons Device="IF4.ST2.IF1.ST4" DPName="StartLatch01" Kind="io"/>
</LN>
<LN ID="%QX.IF4.ST2.IF1.ST4.DitherDisable01" Type="BOOL">
<Cons Device="IF4.ST2.IF1.ST4" DPName="DitherDisable01" Kind="io"/>
</LN>
<LN ID="%QX.IF4.ST2.IF1.ST4.ClearError01" Type="BOOL">
<Cons Device="IF4.ST2.IF1.ST4" DPName="ClearError01" Kind="io"/>
</LN>
<LN ID="%QX.IF4.ST2.IF1.ST4.ShowMeanCurrent01" Type="BOOL">
<Cons Device="IF4.ST2.IF1.ST4" DPName="ShowMeanCurrent01" Kind="io"/>
</LN>
<LN ID="%QX.IF4.ST2.IF1.ST4.ResetCounter01" Type="BOOL">
<Cons Device="IF4.ST2.IF1.ST4" DPName="ResetCounter01" Kind="io"/>
</LN>
<LN ID="%IW.IF4.ST2.IF1.ST4.Counter01" Type="INT">
<Prod Device="IF4.ST2.IF1.ST4" DPName="Counter01" Kind="io"/>
</LN>
<LN ID="%IW.IF4.ST2.IF1.ST4.CounterLatch01" Type="INT">
<Prod Device="IF4.ST2.IF1.ST4" DPName="CounterLatch01" Kind="io"/>
</LN>
<LN ID="%IX.IF4.ST2.IF1.ST4.StatusInput01" Type="BOOL">
<Prod Device="IF4.ST2.IF1.ST4" DPName="StatusInput01" Kind="io"/>
</LN>
<LN ID="%IX.IF4.ST2.IF1.ST4.StatusInput02" Type="BOOL">
<Prod Device="IF4.ST2.IF1.ST4" DPName="StatusInput02" Kind="io"/>
</LN>
<LN ID="%IX.IF4.ST2.IF1.ST4.StatusInput03" Type="BOOL">
<Prod Device="IF4.ST2.IF1.ST4" DPName="StatusInput03" Kind="io"/>
</LN>
<LN ID="%IX.IF4.ST2.IF1.ST4.StatusInput04" Type="BOOL">
<Prod Device="IF4.ST2.IF1.ST4" DPName="StatusInput04" Kind="io"/>
</LN>
<LN ID="%IX.IF4.ST2.IF1.ST4.nLatchPending01" Type="BOOL">
<Prod Device="IF4.ST2.IF1.ST4" DPName="nLatchPending01" Kind="io"/>
</LN>
<LN ID="%IX.IF4.ST2.IF1.ST4.LatchDone01" Type="BOOL">
<Prod Device="IF4.ST2.IF1.ST4" DPName="LatchDone01" Kind="io"/>
</LN>
<LN ID="%IX.IF4.ST2.IF1.ST4.PWMError01" Type="BOOL">
<Prod Device="IF4.ST2.IF1.ST4" DPName="PWMError01" Kind="io"/>
</LN>
<LN ID="%IX.IF4.ST2.IF1.ST4.CurrentError01" Type="BOOL">
<Prod Device="IF4.ST2.IF1.ST4" DPName="CurrentError01" Kind="io"/>
</LN>
<LN ID="%IX.IF4.ST2.IF1.ST4.OverCurrentError01" Type="BOOL">
<Prod Device="IF4.ST2.IF1.ST4" DPName="OverCurrentError01" Kind="io"/>
</LN>
<LN ID="%QW.IF4.ST2.IF1.ST4.PulseWidthCurrentPWM02" Type="INT">
<Cons Device="IF4.ST2.IF1.ST4" DPName="PulseWidthCurrentPWM02" Kind="io"/>
</LN>
<LN ID="%QX.IF4.ST2.IF1.ST4.StartLatch02" Type="BOOL">
<Cons Device="IF4.ST2.IF1.ST4" DPName="StartLatch02" Kind="io"/>
</LN>
<LN ID="%QX.IF4.ST2.IF1.ST4.DitherDisable02" Type="BOOL">
<Cons Device="IF4.ST2.IF1.ST4" DPName="DitherDisable02" Kind="io"/>
</LN>
<LN ID="%QX.IF4.ST2.IF1.ST4.ClearError02" Type="BOOL">
<Cons Device="IF4.ST2.IF1.ST4" DPName="ClearError02" Kind="io"/>
</LN>
<LN ID="%QX.IF4.ST2.IF1.ST4.ShowMeanCurrent02" Type="BOOL">
<Cons Device="IF4.ST2.IF1.ST4" DPName="ShowMeanCurrent02" Kind="io"/>
</LN>
<LN ID="%QX.IF4.ST2.IF1.ST4.ResetCounter02" Type="BOOL">
<Cons Device="IF4.ST2.IF1.ST4" DPName="ResetCounter02" Kind="io"/>
</LN>
<LN ID="%IW.IF4.ST2.IF1.ST4.Counter02" Type="INT">
<Prod Device="IF4.ST2.IF1.ST4" DPName="Counter02" Kind="io"/>
</LN>
<LN ID="%IW.IF4.ST2.IF1.ST4.CounterLatch02" Type="INT">
<Prod Device="IF4.ST2.IF1.ST4" DPName="CounterLatch02" Kind="io"/>
</LN>
<LN ID="%IX.IF4.ST2.IF1.ST4.StatusInput05" Type="BOOL">
<Prod Device="IF4.ST2.IF1.ST4" DPName="StatusInput05" Kind="io"/>
</LN>
<LN ID="%IX.IF4.ST2.IF1.ST4.StatusInput06" Type="BOOL">
<Prod Device="IF4.ST2.IF1.ST4" DPName="StatusInput06" Kind="io"/>
</LN>
<LN ID="%IX.IF4.ST2.IF1.ST4.StatusInput07" Type="BOOL">
<Prod Device="IF4.ST2.IF1.ST4" DPName="StatusInput07" Kind="io"/>
</LN>
<LN ID="%IX.IF4.ST2.IF1.ST4.StatusInput08" Type="BOOL">
<Prod Device="IF4.ST2.IF1.ST4" DPName="StatusInput08" Kind="io"/>
</LN>
<LN ID="%IX.IF4.ST2.IF1.ST4.nLatchPending02" Type="BOOL">
<Prod Device="IF4.ST2.IF1.ST4" DPName="nLatchPending02" Kind="io"/>
</LN>
<LN ID="%IX.IF4.ST2.IF1.ST4.LatchDone02" Type="BOOL">
<Prod Device="IF4.ST2.IF1.ST4" DPName="LatchDone02" Kind="io"/>
</LN>
<LN ID="%IX.IF4.ST2.IF1.ST4.PWMError02" Type="BOOL">
<Prod Device="IF4.ST2.IF1.ST4" DPName="PWMError02" Kind="io"/>
</LN>
<LN ID="%IX.IF4.ST2.IF1.ST4.CurrentError02" Type="BOOL">
<Prod Device="IF4.ST2.IF1.ST4" DPName="CurrentError02" Kind="io"/>
</LN>
<LN ID="%IX.IF4.ST2.IF1.ST4.OverCurrentError02" Type="BOOL">
<Prod Device="IF4.ST2.IF1.ST4" DPName="OverCurrentError02" Kind="io"/>
</LN>
<LN ID="%QW.IF4.ST2.IF1.ST4.PulseWidthCurrentPWM03" Type="INT">
<Cons Device="IF4.ST2.IF1.ST4" DPName="PulseWidthCurrentPWM03" Kind="io"/>
</LN>
<LN ID="%QX.IF4.ST2.IF1.ST4.StartLatch03" Type="BOOL">
<Cons Device="IF4.ST2.IF1.ST4" DPName="StartLatch03" Kind="io"/>
</LN>
<LN ID="%QX.IF4.ST2.IF1.ST4.DitherDisable03" Type="BOOL">
<Cons Device="IF4.ST2.IF1.ST4" DPName="DitherDisable03" Kind="io"/>
</LN>
<LN ID="%QX.IF4.ST2.IF1.ST4.ClearError03" Type="BOOL">
<Cons Device="IF4.ST2.IF1.ST4" DPName="ClearError03" Kind="io"/>
</LN>
<LN ID="%QX.IF4.ST2.IF1.ST4.ShowMeanCurrent03" Type="BOOL">
<Cons Device="IF4.ST2.IF1.ST4" DPName="ShowMeanCurrent03" Kind="io"/>
</LN>
<LN ID="%QX.IF4.ST2.IF1.ST4.ResetCounter03" Type="BOOL">
<Cons Device="IF4.ST2.IF1.ST4" DPName="ResetCounter03" Kind="io"/>
</LN>
<LN ID="%IW.IF4.ST2.IF1.ST4.Counter03" Type="INT">
<Prod Device="IF4.ST2.IF1.ST4" DPName="Counter03" Kind="io"/>
</LN>
<LN ID="%IW.IF4.ST2.IF1.ST4.CounterLatch03" Type="INT">
<Prod Device="IF4.ST2.IF1.ST4" DPName="CounterLatch03" Kind="io"/>
</LN>
<LN ID="%IX.IF4.ST2.IF1.ST4.StatusInput09" Type="BOOL">
<Prod Device="IF4.ST2.IF1.ST4" DPName="StatusInput09" Kind="io"/>
</LN>
<LN ID="%IX.IF4.ST2.IF1.ST4.StatusInput10" Type="BOOL">
<Prod Device="IF4.ST2.IF1.ST4" DPName="StatusInput10" Kind="io"/>
</LN>
<LN ID="%IX.IF4.ST2.IF1.ST4.StatusInput11" Type="BOOL">
<Prod Device="IF4.ST2.IF1.ST4" DPName="StatusInput11" Kind="io"/>
</LN>
<LN ID="%IX.IF4.ST2.IF1.ST4.StatusInput12" Type="BOOL">
<Prod Device="IF4.ST2.IF1.ST4" DPName="StatusInput12" Kind="io"/>
</LN>
<LN ID="%IX.IF4.ST2.IF1.ST4.nLatchPending03" Type="BOOL">
<Prod Device="IF4.ST2.IF1.ST4" DPName="nLatchPending03" Kind="io"/>
</LN>
<LN ID="%IX.IF4.ST2.IF1.ST4.LatchDone03" Type="BOOL">
<Prod Device="IF4.ST2.IF1.ST4" DPName="LatchDone03" Kind="io"/>
</LN>
<LN ID="%IX.IF4.ST2.IF1.ST4.PWMError03" Type="BOOL">
<Prod Device="IF4.ST2.IF1.ST4" DPName="PWMError03" Kind="io"/>
</LN>
<LN ID="%IX.IF4.ST2.IF1.ST4.CurrentError03" Type="BOOL">
<Prod Device="IF4.ST2.IF1.ST4" DPName="CurrentError03" Kind="io"/>
</LN>
<LN ID="%IX.IF4.ST2.IF1.ST4.OverCurrentError03" Type="BOOL">
<Prod Device="IF4.ST2.IF1.ST4" DPName="OverCurrentError03" Kind="io"/>
</LN>
<LN ID="%QW.IF4.ST2.IF1.ST4.PulseWidthCurrentPWM04" Type="INT">
<Cons Device="IF4.ST2.IF1.ST4" DPName="PulseWidthCurrentPWM04" Kind="io"/>
</LN>
<LN ID="%QX.IF4.ST2.IF1.ST4.StartLatch04" Type="BOOL">
<Cons Device="IF4.ST2.IF1.ST4" DPName="StartLatch04" Kind="io"/>
</LN>
<LN ID="%QX.IF4.ST2.IF1.ST4.DitherDisable04" Type="BOOL">
<Cons Device="IF4.ST2.IF1.ST4" DPName="DitherDisable04" Kind="io"/>
</LN>
<LN ID="%QX.IF4.ST2.IF1.ST4.ClearError04" Type="BOOL">
<Cons Device="IF4.ST2.IF1.ST4" DPName="ClearError04" Kind="io"/>
</LN>
<LN ID="%QX.IF4.ST2.IF1.ST4.ShowMeanCurrent04" Type="BOOL">
<Cons Device="IF4.ST2.IF1.ST4" DPName="ShowMeanCurrent04" Kind="io"/>
</LN>
<LN ID="%QX.IF4.ST2.IF1.ST4.ResetCounter04" Type="BOOL">
<Cons Device="IF4.ST2.IF1.ST4" DPName="ResetCounter04" Kind="io"/>
</LN>
<LN ID="%IW.IF4.ST2.IF1.ST4.Counter04" Type="INT">
<Prod Device="IF4.ST2.IF1.ST4" DPName="Counter04" Kind="io"/>
</LN>
<LN ID="%IW.IF4.ST2.IF1.ST4.CounterLatch04" Type="INT">
<Prod Device="IF4.ST2.IF1.ST4" DPName="CounterLatch04" Kind="io"/>
</LN>
<LN ID="%IX.IF4.ST2.IF1.ST4.StatusInput13" Type="BOOL">
<Prod Device="IF4.ST2.IF1.ST4" DPName="StatusInput13" Kind="io"/>
</LN>
<LN ID="%IX.IF4.ST2.IF1.ST4.StatusInput14" Type="BOOL">
<Prod Device="IF4.ST2.IF1.ST4" DPName="StatusInput14" Kind="io"/>
</LN>
<LN ID="%IX.IF4.ST2.IF1.ST4.StatusInput15" Type="BOOL">
<Prod Device="IF4.ST2.IF1.ST4" DPName="StatusInput15" Kind="io"/>
</LN>
<LN ID="%IX.IF4.ST2.IF1.ST4.StatusInput16" Type="BOOL">
<Prod Device="IF4.ST2.IF1.ST4" DPName="StatusInput16" Kind="io"/>
</LN>
<LN ID="%IX.IF4.ST2.IF1.ST4.nLatchPending04" Type="BOOL">
<Prod Device="IF4.ST2.IF1.ST4" DPName="nLatchPending04" Kind="io"/>
</LN>
<LN ID="%IX.IF4.ST2.IF1.ST4.LatchDone04" Type="BOOL">
<Prod Device="IF4.ST2.IF1.ST4" DPName="LatchDone04" Kind="io"/>
</LN>
<LN ID="%IX.IF4.ST2.IF1.ST4.PWMError04" Type="BOOL">
<Prod Device="IF4.ST2.IF1.ST4" DPName="PWMError04" Kind="io"/>
</LN>
<LN ID="%IX.IF4.ST2.IF1.ST4.CurrentError04" Type="BOOL">
<Prod Device="IF4.ST2.IF1.ST4" DPName="CurrentError04" Kind="io"/>
</LN>
<LN ID="%IX.IF4.ST2.IF1.ST4.OverCurrentError04" Type="BOOL">
<Prod Device="IF4.ST2.IF1.ST4" DPName="OverCurrentError04" Kind="io"/>
</LN>
<LN ID="%IW.IF4.ST2.IF1.ST4.BusModuleId" Type="UINT">
<Prod Device="IF4.ST2.IF1.ST4" DPName="BusModuleId" Kind="io"/>
</LN>
<LN ID="%IB.IF4.ST2.IF1.ST4.ModeOfOperation" Type="USINT">
<Prod Device="IF4.ST2.IF1.ST4" DPName="ModeOfOperation" Kind="io"/>
</LN>
<LN ID="%ID.IF4.ST2.IF1.ST4.ModeOfOperationChangeTime" Type="DATE_AND_TIME">
<Prod Device="IF4.ST2.IF1.ST4" DPName="ModeOfOperationChangeTime" Kind="io"/>
</LN>
<LN ID="%ID.IF4.ST2.IF1.ST4.NrOfResets" Type="DINT">
<Prod Device="IF4.ST2.IF1.ST4" DPName="NrOfResets" Kind="io"/>
</LN>
<LN ID="%ID.IF4.ST2.IF1.ST4.NrOfResetsChangeTime" Type="DATE_AND_TIME">
<Prod Device="IF4.ST2.IF1.ST4" DPName="NrOfResetsChangeTime" Kind="io"/>
</LN>
<LN ID="%ID.IF4.ST2.IF1.ST4.NrOfInits" Type="DINT">
<Prod Device="IF4.ST2.IF1.ST4" DPName="NrOfInits" Kind="io"/>
</LN>
<LN ID="%ID.IF4.ST2.IF1.ST4.NrOfInitsChangeTime" Type="DATE_AND_TIME">
<Prod Device="IF4.ST2.IF1.ST4" DPName="NrOfInitsChangeTime" Kind="io"/>
</LN>
<LN ID="%ID.IF4.ST2.IF1.ST4.NrOfFwUpdates" Type="DINT">
<Prod Device="IF4.ST2.IF1.ST4" DPName="NrOfFwUpdates" Kind="io"/>
</LN>
<LN ID="%ID.IF4.ST2.IF1.ST4.NrOfFwUpdatesChangeTime" Type="DATE_AND_TIME">
<Prod Device="IF4.ST2.IF1.ST4" DPName="NrOfFwUpdatesChangeTime" Kind="io"/>
</LN>
<LN ID="%ID.IF4.ST2.IF1.ST4.ModuleNoComm" Type="DINT">
<Prod Device="IF4.ST2.IF1.ST4" DPName="ModuleNoComm" Kind="io"/>
</LN>
<LN ID="%ID.IF4.ST2.IF1.ST4.ModuleNoCommChangeTime" Type="DATE_AND_TIME">
<Prod Device="IF4.ST2.IF1.ST4" DPName="ModuleNoCommChangeTime" Kind="io"/>
</LN>
<LN ID="%ID.IF4.ST2.IF1.ST4.ModuleCommError" Type="DINT">
<Prod Device="IF4.ST2.IF1.ST4" DPName="ModuleCommError" Kind="io"/>
</LN>
<LN ID="%ID.IF4.ST2.IF1.ST4.ModuleCommErrorChangeTime" Type="DATE_AND_TIME">
<Prod Device="IF4.ST2.IF1.ST4" DPName="ModuleCommErrorChangeTime" Kind="io"/>
</LN>
<LN ID="%IX.IF4.ST2.IF1.ST5.ModuleOk" Type="BOOL">
<Prod Device="IF4.ST2.IF1.ST5" DPName="ModuleOk" Kind="io"/>
</LN>
<LN ID="%ID.IF4.ST2.IF1.ST5.SerialNumber" Type="UDINT">
<Prod Device="IF4.ST2.IF1.ST5" DPName="SerialNumber" Kind="io"/>
</LN>
<LN ID="%IW.IF4.ST2.IF1.ST5.ModuleID" Type="UINT">
<Prod Device="IF4.ST2.IF1.ST5" DPName="ModuleID" Kind="io"/>
</LN>
<LN ID="%IW.IF4.ST2.IF1.ST5.HardwareVariant" Type="UINT">
<Prod Device="IF4.ST2.IF1.ST5" DPName="HardwareVariant" Kind="io"/>
</LN>
<LN ID="%IW.IF4.ST2.IF1.ST5.FirmwareVersion" Type="UINT">
<Prod Device="IF4.ST2.IF1.ST5" DPName="FirmwareVersion" Kind="io"/>
</LN>
<LN ID="%IX.IF4.ST2.IF1.ST5.DigitalInput01" Type="BOOL">
<Prod Device="IF4.ST2.IF1.ST5" DPName="DigitalInput01" Kind="io"/>
</LN>
<LN ID="%IX.IF4.ST2.IF1.ST5.DigitalInput02" Type="BOOL">
<Prod Device="IF4.ST2.IF1.ST5" DPName="DigitalInput02" Kind="io"/>
</LN>
<LN ID="%IX.IF4.ST2.IF1.ST5.DigitalInput03" Type="BOOL">
<Prod Device="IF4.ST2.IF1.ST5" DPName="DigitalInput03" Kind="io"/>
</LN>
<LN ID="%IX.IF4.ST2.IF1.ST5.DigitalInput04" Type="BOOL">
<Prod Device="IF4.ST2.IF1.ST5" DPName="DigitalInput04" Kind="io"/>
</LN>
<LN ID="%IX.IF4.ST2.IF1.ST5.DigitalInput05" Type="BOOL">
<Prod Device="IF4.ST2.IF1.ST5" DPName="DigitalInput05" Kind="io"/>
</LN>
<LN ID="%IX.IF4.ST2.IF1.ST5.DigitalInput06" Type="BOOL">
<Prod Device="IF4.ST2.IF1.ST5" DPName="DigitalInput06" Kind="io"/>
</LN>
<LN ID="%IX.IF4.ST2.IF1.ST5.DigitalInput07" Type="BOOL">
<Prod Device="IF4.ST2.IF1.ST5" DPName="DigitalInput07" Kind="io"/>
</LN>
<LN ID="%IX.IF4.ST2.IF1.ST5.DigitalInput08" Type="BOOL">
<Prod Device="IF4.ST2.IF1.ST5" DPName="DigitalInput08" Kind="io"/>
</LN>
<LN ID="%IX.IF4.ST2.IF1.ST5.DigitalInput09" Type="BOOL">
<Prod Device="IF4.ST2.IF1.ST5" DPName="DigitalInput09" Kind="io"/>
</LN>
<LN ID="%IX.IF4.ST2.IF1.ST5.DigitalInput10" Type="BOOL">
<Prod Device="IF4.ST2.IF1.ST5" DPName="DigitalInput10" Kind="io"/>
</LN>
<LN ID="%IX.IF4.ST2.IF1.ST5.DigitalInput11" Type="BOOL">
<Prod Device="IF4.ST2.IF1.ST5" DPName="DigitalInput11" Kind="io"/>
</LN>
<LN ID="%IX.IF4.ST2.IF1.ST5.DigitalInput12" Type="BOOL">
<Prod Device="IF4.ST2.IF1.ST5" DPName="DigitalInput12" Kind="io"/>
</LN>
<LN ID="%IW.IF4.ST2.IF1.ST5.BusModuleId" Type="UINT">
<Prod Device="IF4.ST2.IF1.ST5" DPName="BusModuleId" Kind="io"/>
</LN>
<LN ID="%IB.IF4.ST2.IF1.ST5.ModeOfOperation" Type="USINT">
<Prod Device="IF4.ST2.IF1.ST5" DPName="ModeOfOperation" Kind="io"/>
</LN>
<LN ID="%ID.IF4.ST2.IF1.ST5.ModeOfOperationChangeTime" Type="DATE_AND_TIME">
<Prod Device="IF4.ST2.IF1.ST5" DPName="ModeOfOperationChangeTime" Kind="io"/>
</LN>
<LN ID="%ID.IF4.ST2.IF1.ST5.NrOfResets" Type="DINT">
<Prod Device="IF4.ST2.IF1.ST5" DPName="NrOfResets" Kind="io"/>
</LN>
<LN ID="%ID.IF4.ST2.IF1.ST5.NrOfResetsChangeTime" Type="DATE_AND_TIME">
<Prod Device="IF4.ST2.IF1.ST5" DPName="NrOfResetsChangeTime" Kind="io"/>
</LN>
<LN ID="%ID.IF4.ST2.IF1.ST5.NrOfInits" Type="DINT">
<Prod Device="IF4.ST2.IF1.ST5" DPName="NrOfInits" Kind="io"/>
</LN>
<LN ID="%ID.IF4.ST2.IF1.ST5.NrOfInitsChangeTime" Type="DATE_AND_TIME">
<Prod Device="IF4.ST2.IF1.ST5" DPName="NrOfInitsChangeTime" Kind="io"/>
</LN>
<LN ID="%ID.IF4.ST2.IF1.ST5.NrOfFwUpdates" Type="DINT">
<Prod Device="IF4.ST2.IF1.ST5" DPName="NrOfFwUpdates" Kind="io"/>
</LN>
<LN ID="%ID.IF4.ST2.IF1.ST5.NrOfFwUpdatesChangeTime" Type="DATE_AND_TIME">
<Prod Device="IF4.ST2.IF1.ST5" DPName="NrOfFwUpdatesChangeTime" Kind="io"/>
</LN>
<LN ID="%ID.IF4.ST2.IF1.ST5.ModuleNoComm" Type="DINT">
<Prod Device="IF4.ST2.IF1.ST5" DPName="ModuleNoComm" Kind="io"/>
</LN>
<LN ID="%ID.IF4.ST2.IF1.ST5.ModuleNoCommChangeTime" Type="DATE_AND_TIME">
<Prod Device="IF4.ST2.IF1.ST5" DPName="ModuleNoCommChangeTime" Kind="io"/>
</LN>
<LN ID="%ID.IF4.ST2.IF1.ST5.ModuleCommError" Type="DINT">
<Prod Device="IF4.ST2.IF1.ST5" DPName="ModuleCommError" Kind="io"/>
</LN>
<LN ID="%ID.IF4.ST2.IF1.ST5.ModuleCommErrorChangeTime" Type="DATE_AND_TIME">
<Prod Device="IF4.ST2.IF1.ST5" DPName="ModuleCommErrorChangeTime" Kind="io"/>
</LN>
<LN ID="%IX.IF4.ST2.IF1.ST6.ModuleOk" Type="BOOL">
<Prod Device="IF4.ST2.IF1.ST6" DPName="ModuleOk" Kind="io"/>
</LN>
<LN ID="%ID.IF4.ST2.IF1.ST6.SerialNumber" Type="UDINT">
<Prod Device="IF4.ST2.IF1.ST6" DPName="SerialNumber" Kind="io"/>
</LN>
<LN ID="%IW.IF4.ST2.IF1.ST6.ModuleID" Type="UINT">
<Prod Device="IF4.ST2.IF1.ST6" DPName="ModuleID" Kind="io"/>
</LN>
<LN ID="%IW.IF4.ST2.IF1.ST6.HardwareVariant" Type="UINT">
<Prod Device="IF4.ST2.IF1.ST6" DPName="HardwareVariant" Kind="io"/>
</LN>
<LN ID="%IW.IF4.ST2.IF1.ST6.FirmwareVersion" Type="UINT">
<Prod Device="IF4.ST2.IF1.ST6" DPName="FirmwareVersion" Kind="io"/>
</LN>
<LN ID="%QX.IF4.ST2.IF1.ST6.DigitalOutput01" Type="BOOL">
<Cons Device="IF4.ST2.IF1.ST6" DPName="DigitalOutput01" Kind="io"/>
</LN>
<LN ID="%QX.IF4.ST2.IF1.ST6.DigitalOutput02" Type="BOOL">
<Prod Device="TC#1-CPYDEV" DPName="::Program1:led[0]" Kind="pv"/>
<Cons Device="IF4.ST2.IF1.ST6" DPName="DigitalOutput02" Kind="io"/>
</LN>
<LN ID="%QX.IF4.ST2.IF1.ST6.DigitalOutput03" Type="BOOL">
<Prod Device="TC#1-CPYDEV" DPName="::Program1:led[1]" Kind="pv"/>
<Cons Device="IF4.ST2.IF1.ST6" DPName="DigitalOutput03" Kind="io"/>
</LN>
<LN ID="%QX.IF4.ST2.IF1.ST6.DigitalOutput04" Type="BOOL">
<Prod Device="TC#1-CPYDEV" DPName="::Program1:led[2]" Kind="pv"/>
<Cons Device="IF4.ST2.IF1.ST6" DPName="DigitalOutput04" Kind="io"/>
</LN>
<LN ID="%QX.IF4.ST2.IF1.ST6.DigitalOutput05" Type="BOOL">
<Prod Device="TC#1-CPYDEV" DPName="::Program1:led[3]" Kind="pv"/>
<Cons Device="IF4.ST2.IF1.ST6" DPName="DigitalOutput05" Kind="io"/>
</LN>
<LN ID="%QX.IF4.ST2.IF1.ST6.DigitalOutput06" Type="BOOL">
<Cons Device="IF4.ST2.IF1.ST6" DPName="DigitalOutput06" Kind="io"/>
</LN>
<LN ID="%QX.IF4.ST2.IF1.ST6.DigitalOutput07" Type="BOOL">
<Cons Device="IF4.ST2.IF1.ST6" DPName="DigitalOutput07" Kind="io"/>
</LN>
<LN ID="%QX.IF4.ST2.IF1.ST6.DigitalOutput08" Type="BOOL">
<Cons Device="IF4.ST2.IF1.ST6" DPName="DigitalOutput08" Kind="io"/>
</LN>
<LN ID="%QX.IF4.ST2.IF1.ST6.DigitalOutput09" Type="BOOL">
<Cons Device="IF4.ST2.IF1.ST6" DPName="DigitalOutput09" Kind="io"/>
</LN>
<LN ID="%QX.IF4.ST2.IF1.ST6.DigitalOutput10" Type="BOOL">
<Cons Device="IF4.ST2.IF1.ST6" DPName="DigitalOutput10" Kind="io"/>
</LN>
<LN ID="%QX.IF4.ST2.IF1.ST6.DigitalOutput11" Type="BOOL">
<Cons Device="IF4.ST2.IF1.ST6" DPName="DigitalOutput11" Kind="io"/>
</LN>
<LN ID="%QX.IF4.ST2.IF1.ST6.DigitalOutput12" Type="BOOL">
<Cons Device="IF4.ST2.IF1.ST6" DPName="DigitalOutput12" Kind="io"/>
</LN>
<LN ID="%IX.IF4.ST2.IF1.ST6.StatusDigitalOutput01" Type="BOOL">
<Prod Device="IF4.ST2.IF1.ST6" DPName="StatusDigitalOutput01" Kind="io"/>
</LN>
<LN ID="%IX.IF4.ST2.IF1.ST6.StatusDigitalOutput02" Type="BOOL">
<Prod Device="IF4.ST2.IF1.ST6" DPName="StatusDigitalOutput02" Kind="io"/>
</LN>
<LN ID="%IX.IF4.ST2.IF1.ST6.StatusDigitalOutput03" Type="BOOL">
<Prod Device="IF4.ST2.IF1.ST6" DPName="StatusDigitalOutput03" Kind="io"/>
</LN>
<LN ID="%IX.IF4.ST2.IF1.ST6.StatusDigitalOutput04" Type="BOOL">
<Prod Device="IF4.ST2.IF1.ST6" DPName="StatusDigitalOutput04" Kind="io"/>
</LN>
<LN ID="%IX.IF4.ST2.IF1.ST6.StatusDigitalOutput05" Type="BOOL">
<Prod Device="IF4.ST2.IF1.ST6" DPName="StatusDigitalOutput05" Kind="io"/>
</LN>
<LN ID="%IX.IF4.ST2.IF1.ST6.StatusDigitalOutput06" Type="BOOL">
<Prod Device="IF4.ST2.IF1.ST6" DPName="StatusDigitalOutput06" Kind="io"/>
</LN>
<LN ID="%IX.IF4.ST2.IF1.ST6.StatusDigitalOutput07" Type="BOOL">
<Prod Device="IF4.ST2.IF1.ST6" DPName="StatusDigitalOutput07" Kind="io"/>
</LN>
<LN ID="%IX.IF4.ST2.IF1.ST6.StatusDigitalOutput08" Type="BOOL">
<Prod Device="IF4.ST2.IF1.ST6" DPName="StatusDigitalOutput08" Kind="io"/>
</LN>
<LN ID="%IX.IF4.ST2.IF1.ST6.StatusDigitalOutput09" Type="BOOL">
<Prod Device="IF4.ST2.IF1.ST6" DPName="StatusDigitalOutput09" Kind="io"/>
</LN>
<LN ID="%IX.IF4.ST2.IF1.ST6.StatusDigitalOutput10" Type="BOOL">
<Prod Device="IF4.ST2.IF1.ST6" DPName="StatusDigitalOutput10" Kind="io"/>
</LN>
<LN ID="%IX.IF4.ST2.IF1.ST6.StatusDigitalOutput11" Type="BOOL">
<Prod Device="IF4.ST2.IF1.ST6" DPName="StatusDigitalOutput11" Kind="io"/>
</LN>
<LN ID="%IX.IF4.ST2.IF1.ST6.StatusDigitalOutput12" Type="BOOL">
<Prod Device="IF4.ST2.IF1.ST6" DPName="StatusDigitalOutput12" Kind="io"/>
</LN>
<LN ID="%IW.IF4.ST2.IF1.ST6.BusModuleId" Type="UINT">
<Prod Device="IF4.ST2.IF1.ST6" DPName="BusModuleId" Kind="io"/>
</LN>
<LN ID="%IB.IF4.ST2.IF1.ST6.ModeOfOperation" Type="USINT">
<Prod Device="IF4.ST2.IF1.ST6" DPName="ModeOfOperation" Kind="io"/>
</LN>
<LN ID="%ID.IF4.ST2.IF1.ST6.ModeOfOperationChangeTime" Type="DATE_AND_TIME">
<Prod Device="IF4.ST2.IF1.ST6" DPName="ModeOfOperationChangeTime" Kind="io"/>
</LN>
<LN ID="%ID.IF4.ST2.IF1.ST6.NrOfResets" Type="DINT">
<Prod Device="IF4.ST2.IF1.ST6" DPName="NrOfResets" Kind="io"/>
</LN>
<LN ID="%ID.IF4.ST2.IF1.ST6.NrOfResetsChangeTime" Type="DATE_AND_TIME">
<Prod Device="IF4.ST2.IF1.ST6" DPName="NrOfResetsChangeTime" Kind="io"/>
</LN>
<LN ID="%ID.IF4.ST2.IF1.ST6.NrOfInits" Type="DINT">
<Prod Device="IF4.ST2.IF1.ST6" DPName="NrOfInits" Kind="io"/>
</LN>
<LN ID="%ID.IF4.ST2.IF1.ST6.NrOfInitsChangeTime" Type="DATE_AND_TIME">
<Prod Device="IF4.ST2.IF1.ST6" DPName="NrOfInitsChangeTime" Kind="io"/>
</LN>
<LN ID="%ID.IF4.ST2.IF1.ST6.NrOfFwUpdates" Type="DINT">
<Prod Device="IF4.ST2.IF1.ST6" DPName="NrOfFwUpdates" Kind="io"/>
</LN>
<LN ID="%ID.IF4.ST2.IF1.ST6.NrOfFwUpdatesChangeTime" Type="DATE_AND_TIME">
<Prod Device="IF4.ST2.IF1.ST6" DPName="NrOfFwUpdatesChangeTime" Kind="io"/>
</LN>
<LN ID="%ID.IF4.ST2.IF1.ST6.ModuleNoComm" Type="DINT">
<Prod Device="IF4.ST2.IF1.ST6" DPName="ModuleNoComm" Kind="io"/>
</LN>
<LN ID="%ID.IF4.ST2.IF1.ST6.ModuleNoCommChangeTime" Type="DATE_AND_TIME">
<Prod Device="IF4.ST2.IF1.ST6" DPName="ModuleNoCommChangeTime" Kind="io"/>
</LN>
<LN ID="%ID.IF4.ST2.IF1.ST6.ModuleCommError" Type="DINT">
<Prod Device="IF4.ST2.IF1.ST6" DPName="ModuleCommError" Kind="io"/>
</LN>
<LN ID="%ID.IF4.ST2.IF1.ST6.ModuleCommErrorChangeTime" Type="DATE_AND_TIME">
<Prod Device="IF4.ST2.IF1.ST6" DPName="ModuleCommErrorChangeTime" Kind="io"/>
</LN>
<LN ID="%IX.IF4.ST2.IF1.ST7.ModuleOk" Type="BOOL">
<Prod Device="IF4.ST2.IF1.ST7" DPName="ModuleOk" Kind="io"/>
</LN>
<LN ID="%ID.IF4.ST2.IF1.ST7.SerialNumber" Type="UDINT">
<Prod Device="IF4.ST2.IF1.ST7" DPName="SerialNumber" Kind="io"/>
</LN>
<LN ID="%IW.IF4.ST2.IF1.ST7.ModuleID" Type="UINT">
<Prod Device="IF4.ST2.IF1.ST7" DPName="ModuleID" Kind="io"/>
</LN>
<LN ID="%IW.IF4.ST2.IF1.ST7.HardwareVariant" Type="UINT">
<Prod Device="IF4.ST2.IF1.ST7" DPName="HardwareVariant" Kind="io"/>
</LN>
<LN ID="%IW.IF4.ST2.IF1.ST7.FirmwareVersion" Type="UINT">
<Prod Device="IF4.ST2.IF1.ST7" DPName="FirmwareVersion" Kind="io"/>
</LN>
<LN ID="%IW.IF4.ST2.IF1.ST7.Temperature01" Type="INT">
<Prod Device="IF4.ST2.IF1.ST7" DPName="Temperature01" Kind="io"/>
</LN>
<LN ID="%IW.IF4.ST2.IF1.ST7.Temperature02" Type="INT">
<Prod Device="IF4.ST2.IF1.ST7" DPName="Temperature02" Kind="io"/>
</LN>
<LN ID="%IW.IF4.ST2.IF1.ST7.Temperature03" Type="INT">
<Prod Device="IF4.ST2.IF1.ST7" DPName="Temperature03" Kind="io"/>
</LN>
<LN ID="%IW.IF4.ST2.IF1.ST7.Temperature04" Type="INT">
<Prod Device="IF4.ST2.IF1.ST7" DPName="Temperature04" Kind="io"/>
</LN>
<LN ID="%IB.IF4.ST2.IF1.ST7.StatusInput01" Type="USINT">
<Prod Device="IF4.ST2.IF1.ST7" DPName="StatusInput01" Kind="io"/>
</LN>
<LN ID="%IW.IF4.ST2.IF1.ST7.BusModuleId" Type="UINT">
<Prod Device="IF4.ST2.IF1.ST7" DPName="BusModuleId" Kind="io"/>
</LN>
<LN ID="%IB.IF4.ST2.IF1.ST7.ModeOfOperation" Type="USINT">
<Prod Device="IF4.ST2.IF1.ST7" DPName="ModeOfOperation" Kind="io"/>
</LN>
<LN ID="%ID.IF4.ST2.IF1.ST7.ModeOfOperationChangeTime" Type="DATE_AND_TIME">
<Prod Device="IF4.ST2.IF1.ST7" DPName="ModeOfOperationChangeTime" Kind="io"/>
</LN>
<LN ID="%ID.IF4.ST2.IF1.ST7.NrOfResets" Type="DINT">
<Prod Device="IF4.ST2.IF1.ST7" DPName="NrOfResets" Kind="io"/>
</LN>
<LN ID="%ID.IF4.ST2.IF1.ST7.NrOfResetsChangeTime" Type="DATE_AND_TIME">
<Prod Device="IF4.ST2.IF1.ST7" DPName="NrOfResetsChangeTime" Kind="io"/>
</LN>
<LN ID="%ID.IF4.ST2.IF1.ST7.NrOfInits" Type="DINT">
<Prod Device="IF4.ST2.IF1.ST7" DPName="NrOfInits" Kind="io"/>
</LN>
<LN ID="%ID.IF4.ST2.IF1.ST7.NrOfInitsChangeTime" Type="DATE_AND_TIME">
<Prod Device="IF4.ST2.IF1.ST7" DPName="NrOfInitsChangeTime" Kind="io"/>
</LN>
<LN ID="%ID.IF4.ST2.IF1.ST7.NrOfFwUpdates" Type="DINT">
<Prod Device="IF4.ST2.IF1.ST7" DPName="NrOfFwUpdates" Kind="io"/>
</LN>
<LN ID="%ID.IF4.ST2.IF1.ST7.NrOfFwUpdatesChangeTime" Type="DATE_AND_TIME">
<Prod Device="IF4.ST2.IF1.ST7" DPName="NrOfFwUpdatesChangeTime" Kind="io"/>
</LN>
<LN ID="%ID.IF4.ST2.IF1.ST7.ModuleNoComm" Type="DINT">
<Prod Device="IF4.ST2.IF1.ST7" DPName="ModuleNoComm" Kind="io"/>
</LN>
<LN ID="%ID.IF4.ST2.IF1.ST7.ModuleNoCommChangeTime" Type="DATE_AND_TIME">
<Prod Device="IF4.ST2.IF1.ST7" DPName="ModuleNoCommChangeTime" Kind="io"/>
</LN>
<LN ID="%ID.IF4.ST2.IF1.ST7.ModuleCommError" Type="DINT">
<Prod Device="IF4.ST2.IF1.ST7" DPName="ModuleCommError" Kind="io"/>
</LN>
<LN ID="%ID.IF4.ST2.IF1.ST7.ModuleCommErrorChangeTime" Type="DATE_AND_TIME">
<Prod Device="IF4.ST2.IF1.ST7" DPName="ModuleCommErrorChangeTime" Kind="io"/>
</LN>
<LN ID="%IX.IF4.ST2.IF1.ST8.ModuleOk" Type="BOOL">
<Prod Device="IF4.ST2.IF1.ST8" DPName="ModuleOk" Kind="io"/>
</LN>
<LN ID="%ID.IF4.ST2.IF1.ST8.SerialNumber" Type="UDINT">
<Prod Device="IF4.ST2.IF1.ST8" DPName="SerialNumber" Kind="io"/>
</LN>
<LN ID="%IW.IF4.ST2.IF1.ST8.ModuleID" Type="UINT">
<Prod Device="IF4.ST2.IF1.ST8" DPName="ModuleID" Kind="io"/>
</LN>
<LN ID="%IW.IF4.ST2.IF1.ST8.HardwareVariant" Type="UINT">
<Prod Device="IF4.ST2.IF1.ST8" DPName="HardwareVariant" Kind="io"/>
</LN>
<LN ID="%IW.IF4.ST2.IF1.ST8.FirmwareVersion" Type="UINT">
<Prod Device="IF4.ST2.IF1.ST8" DPName="FirmwareVersion" Kind="io"/>
</LN>
<LN ID="%IX.IF4.ST2.IF1.ST8.SafeModuleOK" Type="BOOL">
<Prod Device="IF4.ST2.IF1.ST8" DPName="SafeModuleOK" Kind="io"/>
</LN>
<LN ID="%IX.IF4.ST2.IF1.ST8.SafeDigitalInput01" Type="BOOL">
<Prod Device="IF4.ST2.IF1.ST8" DPName="SafeDigitalInput01" Kind="io"/>
</LN>
<LN ID="%IX.IF4.ST2.IF1.ST8.SafeDigitalInput02" Type="BOOL">
<Prod Device="IF4.ST2.IF1.ST8" DPName="SafeDigitalInput02" Kind="io"/>
</LN>
<LN ID="%IX.IF4.ST2.IF1.ST8.SafeDigitalInput03" Type="BOOL">
<Prod Device="IF4.ST2.IF1.ST8" DPName="SafeDigitalInput03" Kind="io"/>
</LN>
<LN ID="%IX.IF4.ST2.IF1.ST8.SafeDigitalInput04" Type="BOOL">
<Prod Device="IF4.ST2.IF1.ST8" DPName="SafeDigitalInput04" Kind="io"/>
</LN>
<LN ID="%IX.IF4.ST2.IF1.ST8.SafeEquivalentInput0102" Type="BOOL">
<Prod Device="IF4.ST2.IF1.ST8" DPName="SafeEquivalentInput0102" Kind="io"/>
</LN>
<LN ID="%IX.IF4.ST2.IF1.ST8.SafeAntivalentInput0102" Type="BOOL">
<Prod Device="IF4.ST2.IF1.ST8" DPName="SafeAntivalentInput0102" Kind="io"/>
</LN>
<LN ID="%IX.IF4.ST2.IF1.ST8.SafeEquivalentInput0304" Type="BOOL">
<Prod Device="IF4.ST2.IF1.ST8" DPName="SafeEquivalentInput0304" Kind="io"/>
</LN>
<LN ID="%IX.IF4.ST2.IF1.ST8.SafeAntivalentInput0304" Type="BOOL">
<Prod Device="IF4.ST2.IF1.ST8" DPName="SafeAntivalentInput0304" Kind="io"/>
</LN>
<LN ID="%IX.IF4.ST2.IF1.ST8.SafeChannelOK01" Type="BOOL">
<Prod Device="IF4.ST2.IF1.ST8" DPName="SafeChannelOK01" Kind="io"/>
</LN>
<LN ID="%IX.IF4.ST2.IF1.ST8.SafeChannelOK02" Type="BOOL">
<Prod Device="IF4.ST2.IF1.ST8" DPName="SafeChannelOK02" Kind="io"/>
</LN>
<LN ID="%IX.IF4.ST2.IF1.ST8.SafeChannelOK03" Type="BOOL">
<Prod Device="IF4.ST2.IF1.ST8" DPName="SafeChannelOK03" Kind="io"/>
</LN>
<LN ID="%IX.IF4.ST2.IF1.ST8.SafeChannelOK04" Type="BOOL">
<Prod Device="IF4.ST2.IF1.ST8" DPName="SafeChannelOK04" Kind="io"/>
</LN>
<LN ID="%IX.IF4.ST2.IF1.ST8.SafeEquivalentOK0102" Type="BOOL">
<Prod Device="IF4.ST2.IF1.ST8" DPName="SafeEquivalentOK0102" Kind="io"/>
</LN>
<LN ID="%IX.IF4.ST2.IF1.ST8.SafeAntivalentOK0102" Type="BOOL">
<Prod Device="IF4.ST2.IF1.ST8" DPName="SafeAntivalentOK0102" Kind="io"/>
</LN>
<LN ID="%IX.IF4.ST2.IF1.ST8.SafeEquivalentOK0304" Type="BOOL">
<Prod Device="IF4.ST2.IF1.ST8" DPName="SafeEquivalentOK0304" Kind="io"/>
</LN>
<LN ID="%IX.IF4.ST2.IF1.ST8.SafeAntivalentOK0304" Type="BOOL">
<Prod Device="IF4.ST2.IF1.ST8" DPName="SafeAntivalentOK0304" Kind="io"/>
</LN>
<LN ID="%IW.IF4.ST2.IF1.ST8.BusModuleId" Type="UINT">
<Prod Device="IF4.ST2.IF1.ST8" DPName="BusModuleId" Kind="io"/>
</LN>
<LN ID="%IB.IF4.ST2.IF1.ST8.ModeOfOperation" Type="USINT">
<Prod Device="IF4.ST2.IF1.ST8" DPName="ModeOfOperation" Kind="io"/>
</LN>
<LN ID="%ID.IF4.ST2.IF1.ST8.ModeOfOperationChangeTime" Type="DATE_AND_TIME">
<Prod Device="IF4.ST2.IF1.ST8" DPName="ModeOfOperationChangeTime" Kind="io"/>
</LN>
<LN ID="%ID.IF4.ST2.IF1.ST8.NrOfResets" Type="DINT">
<Prod Device="IF4.ST2.IF1.ST8" DPName="NrOfResets" Kind="io"/>
</LN>
<LN ID="%ID.IF4.ST2.IF1.ST8.NrOfResetsChangeTime" Type="DATE_AND_TIME">
<Prod Device="IF4.ST2.IF1.ST8" DPName="NrOfResetsChangeTime" Kind="io"/>
</LN>
<LN ID="%ID.IF4.ST2.IF1.ST8.NrOfInits" Type="DINT">
<Prod Device="IF4.ST2.IF1.ST8" DPName="NrOfInits" Kind="io"/>
</LN>
<LN ID="%ID.IF4.ST2.IF1.ST8.NrOfInitsChangeTime" Type="DATE_AND_TIME">
<Prod Device="IF4.ST2.IF1.ST8" DPName="NrOfInitsChangeTime" Kind="io"/>
</LN>
<LN ID="%ID.IF4.ST2.IF1.ST8.NrOfFwUpdates" Type="DINT">
<Prod Device="IF4.ST2.IF1.ST8" DPName="NrOfFwUpdates" Kind="io"/>
</LN>
<LN ID="%ID.IF4.ST2.IF1.ST8.NrOfFwUpdatesChangeTime" Type="DATE_AND_TIME">
<Prod Device="IF4.ST2.IF1.ST8" DPName="NrOfFwUpdatesChangeTime" Kind="io"/>
</LN>
<LN ID="%ID.IF4.ST2.IF1.ST8.ModuleNoComm" Type="DINT">
<Prod Device="IF4.ST2.IF1.ST8" DPName="ModuleNoComm" Kind="io"/>
</LN>
<LN ID="%ID.IF4.ST2.IF1.ST8.ModuleNoCommChangeTime" Type="DATE_AND_TIME">
<Prod Device="IF4.ST2.IF1.ST8" DPName="ModuleNoCommChangeTime" Kind="io"/>
</LN>
<LN ID="%ID.IF4.ST2.IF1.ST8.ModuleCommError" Type="DINT">
<Prod Device="IF4.ST2.IF1.ST8" DPName="ModuleCommError" Kind="io"/>
</LN>
<LN ID="%ID.IF4.ST2.IF1.ST8.ModuleCommErrorChangeTime" Type="DATE_AND_TIME">
<Prod Device="IF4.ST2.IF1.ST8" DPName="ModuleCommErrorChangeTime" Kind="io"/>
</LN>
<LN ID="%IX.IF4.ST2.IF1.ST9.ModuleOk" Type="BOOL">
<Prod Device="IF4.ST2.IF1.ST9" DPName="ModuleOk" Kind="io"/>
</LN>
<LN ID="%ID.IF4.ST2.IF1.ST9.SerialNumber" Type="UDINT">
<Prod Device="IF4.ST2.IF1.ST9" DPName="SerialNumber" Kind="io"/>
</LN>
<LN ID="%IW.IF4.ST2.IF1.ST9.ModuleID" Type="UINT">
<Prod Device="IF4.ST2.IF1.ST9" DPName="ModuleID" Kind="io"/>
</LN>
<LN ID="%IW.IF4.ST2.IF1.ST9.HardwareVariant" Type="UINT">
<Prod Device="IF4.ST2.IF1.ST9" DPName="HardwareVariant" Kind="io"/>
</LN>
<LN ID="%IW.IF4.ST2.IF1.ST9.FirmwareVersion" Type="UINT">
<Prod Device="IF4.ST2.IF1.ST9" DPName="FirmwareVersion" Kind="io"/>
</LN>
<LN ID="%IX.IF4.ST2.IF1.ST9.SafeModuleOK" Type="BOOL">
<Prod Device="IF4.ST2.IF1.ST9" DPName="SafeModuleOK" Kind="io"/>
</LN>
<LN ID="%QX.IF4.ST2.IF1.ST9.DigitalOutput01" Type="BOOL">
<Cons Device="IF4.ST2.IF1.ST9" DPName="DigitalOutput01" Kind="io"/>
</LN>
<LN ID="%QX.IF4.ST2.IF1.ST9.DigitalOutput02" Type="BOOL">
<Cons Device="IF4.ST2.IF1.ST9" DPName="DigitalOutput02" Kind="io"/>
</LN>
<LN ID="%QX.IF4.ST2.IF1.ST9.DigitalOutput03" Type="BOOL">
<Cons Device="IF4.ST2.IF1.ST9" DPName="DigitalOutput03" Kind="io"/>
</LN>
<LN ID="%QX.IF4.ST2.IF1.ST9.DigitalOutput04" Type="BOOL">
<Cons Device="IF4.ST2.IF1.ST9" DPName="DigitalOutput04" Kind="io"/>
</LN>
<LN ID="%IX.IF4.ST2.IF1.ST9.SafeChannelOK01" Type="BOOL">
<Prod Device="IF4.ST2.IF1.ST9" DPName="SafeChannelOK01" Kind="io"/>
</LN>
<LN ID="%IX.IF4.ST2.IF1.ST9.SafeChannelOK02" Type="BOOL">
<Prod Device="IF4.ST2.IF1.ST9" DPName="SafeChannelOK02" Kind="io"/>
</LN>
<LN ID="%IX.IF4.ST2.IF1.ST9.SafeChannelOK03" Type="BOOL">
<Prod Device="IF4.ST2.IF1.ST9" DPName="SafeChannelOK03" Kind="io"/>
</LN>
<LN ID="%IX.IF4.ST2.IF1.ST9.SafeChannelOK04" Type="BOOL">
<Prod Device="IF4.ST2.IF1.ST9" DPName="SafeChannelOK04" Kind="io"/>
</LN>
<LN ID="%IX.IF4.ST2.IF1.ST9.PhysicalStateChannel1" Type="BOOL">
<Prod Device="IF4.ST2.IF1.ST9" DPName="PhysicalStateChannel1" Kind="io"/>
</LN>
<LN ID="%IX.IF4.ST2.IF1.ST9.PhysicalStateChannel2" Type="BOOL">
<Prod Device="IF4.ST2.IF1.ST9" DPName="PhysicalStateChannel2" Kind="io"/>
</LN>
<LN ID="%IX.IF4.ST2.IF1.ST9.PhysicalStateChannel3" Type="BOOL">
<Prod Device="IF4.ST2.IF1.ST9" DPName="PhysicalStateChannel3" Kind="io"/>
</LN>
<LN ID="%IX.IF4.ST2.IF1.ST9.PhysicalStateChannel4" Type="BOOL">
<Prod Device="IF4.ST2.IF1.ST9" DPName="PhysicalStateChannel4" Kind="io"/>
</LN>
<LN ID="%IX.IF4.ST2.IF1.ST9.CurrentOK01" Type="BOOL">
<Prod Device="IF4.ST2.IF1.ST9" DPName="CurrentOK01" Kind="io"/>
</LN>
<LN ID="%IX.IF4.ST2.IF1.ST9.CurrentOK02" Type="BOOL">
<Prod Device="IF4.ST2.IF1.ST9" DPName="CurrentOK02" Kind="io"/>
</LN>
<LN ID="%IX.IF4.ST2.IF1.ST9.CurrentOK03" Type="BOOL">
<Prod Device="IF4.ST2.IF1.ST9" DPName="CurrentOK03" Kind="io"/>
</LN>
<LN ID="%IX.IF4.ST2.IF1.ST9.CurrentOK04" Type="BOOL">
<Prod Device="IF4.ST2.IF1.ST9" DPName="CurrentOK04" Kind="io"/>
</LN>
<LN ID="%IW.IF4.ST2.IF1.ST9.BusModuleId" Type="UINT">
<Prod Device="IF4.ST2.IF1.ST9" DPName="BusModuleId" Kind="io"/>
</LN>
<LN ID="%IB.IF4.ST2.IF1.ST9.ModeOfOperation" Type="USINT">
<Prod Device="IF4.ST2.IF1.ST9" DPName="ModeOfOperation" Kind="io"/>
</LN>
<LN ID="%ID.IF4.ST2.IF1.ST9.ModeOfOperationChangeTime" Type="DATE_AND_TIME">
<Prod Device="IF4.ST2.IF1.ST9" DPName="ModeOfOperationChangeTime" Kind="io"/>
</LN>
<LN ID="%ID.IF4.ST2.IF1.ST9.NrOfResets" Type="DINT">
<Prod Device="IF4.ST2.IF1.ST9" DPName="NrOfResets" Kind="io"/>
</LN>
<LN ID="%ID.IF4.ST2.IF1.ST9.NrOfResetsChangeTime" Type="DATE_AND_TIME">
<Prod Device="IF4.ST2.IF1.ST9" DPName="NrOfResetsChangeTime" Kind="io"/>
</LN>
<LN ID="%ID.IF4.ST2.IF1.ST9.NrOfInits" Type="DINT">
<Prod Device="IF4.ST2.IF1.ST9" DPName="NrOfInits" Kind="io"/>
</LN>
<LN ID="%ID.IF4.ST2.IF1.ST9.NrOfInitsChangeTime" Type="DATE_AND_TIME">
<Prod Device="IF4.ST2.IF1.ST9" DPName="NrOfInitsChangeTime" Kind="io"/>
</LN>
<LN ID="%ID.IF4.ST2.IF1.ST9.NrOfFwUpdates" Type="DINT">
<Prod Device="IF4.ST2.IF1.ST9" DPName="NrOfFwUpdates" Kind="io"/>
</LN>
<LN ID="%ID.IF4.ST2.IF1.ST9.NrOfFwUpdatesChangeTime" Type="DATE_AND_TIME">
<Prod Device="IF4.ST2.IF1.ST9" DPName="NrOfFwUpdatesChangeTime" Kind="io"/>
</LN>
<LN ID="%ID.IF4.ST2.IF1.ST9.ModuleNoComm" Type="DINT">
<Prod Device="IF4.ST2.IF1.ST9" DPName="ModuleNoComm" Kind="io"/>
</LN>
<LN ID="%ID.IF4.ST2.IF1.ST9.ModuleNoCommChangeTime" Type="DATE_AND_TIME">
<Prod Device="IF4.ST2.IF1.ST9" DPName="ModuleNoCommChangeTime" Kind="io"/>
</LN>
<LN ID="%ID.IF4.ST2.IF1.ST9.ModuleCommError" Type="DINT">
<Prod Device="IF4.ST2.IF1.ST9" DPName="ModuleCommError" Kind="io"/>
</LN>
<LN ID="%ID.IF4.ST2.IF1.ST9.ModuleCommErrorChangeTime" Type="DATE_AND_TIME">
<Prod Device="IF4.ST2.IF1.ST9" DPName="ModuleCommErrorChangeTime" Kind="io"/>
</LN>
<LN ID="%IX.IF4.ST2.IF1.ST10.ModuleOk" Type="BOOL">
<Prod Device="IF4.ST2.IF1.ST10" DPName="ModuleOk" Kind="io"/>
</LN>
<LN ID="%ID.IF4.ST2.IF1.ST10.SerialNumber" Type="UDINT">
<Prod Device="IF4.ST2.IF1.ST10" DPName="SerialNumber" Kind="io"/>
</LN>
<LN ID="%IW.IF4.ST2.IF1.ST10.ModuleID" Type="UINT">
<Prod Device="IF4.ST2.IF1.ST10" DPName="ModuleID" Kind="io"/>
</LN>
<LN ID="%IW.IF4.ST2.IF1.ST10.HardwareVariant" Type="UINT">
<Prod Device="IF4.ST2.IF1.ST10" DPName="HardwareVariant" Kind="io"/>
</LN>
<LN ID="%IW.IF4.ST2.IF1.ST10.FirmwareVersion" Type="UINT">
<Prod Device="IF4.ST2.IF1.ST10" DPName="FirmwareVersion" Kind="io"/>
</LN>
<LN ID="%IX.IF4.ST2.IF1.ST10.StatusInput01" Type="BOOL">
<Prod Device="IF4.ST2.IF1.ST10" DPName="StatusInput01" Kind="io"/>
</LN>
<LN ID="%IX.IF4.ST2.IF1.ST10.StatusInput02" Type="BOOL">
<Prod Device="IF4.ST2.IF1.ST10" DPName="StatusInput02" Kind="io"/>
</LN>
<LN ID="%IW.IF4.ST2.IF1.ST10.BusModuleId" Type="UINT">
<Prod Device="IF4.ST2.IF1.ST10" DPName="BusModuleId" Kind="io"/>
</LN>
<LN ID="%IB.IF4.ST2.IF1.ST10.ModeOfOperation" Type="USINT">
<Prod Device="IF4.ST2.IF1.ST10" DPName="ModeOfOperation" Kind="io"/>
</LN>
<LN ID="%ID.IF4.ST2.IF1.ST10.ModeOfOperationChangeTime" Type="DATE_AND_TIME">
<Prod Device="IF4.ST2.IF1.ST10" DPName="ModeOfOperationChangeTime" Kind="io"/>
</LN>
<LN ID="%ID.IF4.ST2.IF1.ST10.NrOfResets" Type="DINT">
<Prod Device="IF4.ST2.IF1.ST10" DPName="NrOfResets" Kind="io"/>
</LN>
<LN ID="%ID.IF4.ST2.IF1.ST10.NrOfResetsChangeTime" Type="DATE_AND_TIME">
<Prod Device="IF4.ST2.IF1.ST10" DPName="NrOfResetsChangeTime" Kind="io"/>
</LN>
<LN ID="%ID.IF4.ST2.IF1.ST10.NrOfInits" Type="DINT">
<Prod Device="IF4.ST2.IF1.ST10" DPName="NrOfInits" Kind="io"/>
</LN>
<LN ID="%ID.IF4.ST2.IF1.ST10.NrOfInitsChangeTime" Type="DATE_AND_TIME">
<Prod Device="IF4.ST2.IF1.ST10" DPName="NrOfInitsChangeTime" Kind="io"/>
</LN>
<LN ID="%ID.IF4.ST2.IF1.ST10.NrOfFwUpdates" Type="DINT">
<Prod Device="IF4.ST2.IF1.ST10" DPName="NrOfFwUpdates" Kind="io"/>
</LN>
<LN ID="%ID.IF4.ST2.IF1.ST10.NrOfFwUpdatesChangeTime" Type="DATE_AND_TIME">
<Prod Device="IF4.ST2.IF1.ST10" DPName="NrOfFwUpdatesChangeTime" Kind="io"/>
</LN>
<LN ID="%ID.IF4.ST2.IF1.ST10.ModuleNoComm" Type="DINT">
<Prod Device="IF4.ST2.IF1.ST10" DPName="ModuleNoComm" Kind="io"/>
</LN>
<LN ID="%ID.IF4.ST2.IF1.ST10.ModuleNoCommChangeTime" Type="DATE_AND_TIME">
<Prod Device="IF4.ST2.IF1.ST10" DPName="ModuleNoCommChangeTime" Kind="io"/>
</LN>
<LN ID="%ID.IF4.ST2.IF1.ST10.ModuleCommError" Type="DINT">
<Prod Device="IF4.ST2.IF1.ST10" DPName="ModuleCommError" Kind="io"/>
</LN>
<LN ID="%ID.IF4.ST2.IF1.ST10.ModuleCommErrorChangeTime" Type="DATE_AND_TIME">
<Prod Device="IF4.ST2.IF1.ST10" DPName="ModuleCommErrorChangeTime" Kind="io"/>
</LN>
<LN ID="%IX.IF4.ST2.IF1.ST11.ModuleOk" Type="BOOL">
<Prod Device="IF4.ST2.IF1.ST11" DPName="ModuleOk" Kind="io"/>
<Cons Device="TC#1-CPYDEV" DPName="gAxis01_ModuleOk" Kind="pv"/>
</LN>
<LN ID="%ID.IF4.ST2.IF1.ST11.SerialNumber" Type="UDINT">
<Prod Device="IF4.ST2.IF1.ST11" DPName="SerialNumber" Kind="io"/>
</LN>
<LN ID="%IW.IF4.ST2.IF1.ST11.ModuleID" Type="UINT">
<Prod Device="IF4.ST2.IF1.ST11" DPName="ModuleID" Kind="io"/>
</LN>
<LN ID="%IW.IF4.ST2.IF1.ST11.HardwareVariant" Type="UINT">
<Prod Device="IF4.ST2.IF1.ST11" DPName="HardwareVariant" Kind="io"/>
</LN>
<LN ID="%IW.IF4.ST2.IF1.ST11.FirmwareVersion" Type="UINT">
<Prod Device="IF4.ST2.IF1.ST11" DPName="FirmwareVersion" Kind="io"/>
</LN>
<LN ID="%IW.IF4.ST2.IF1.ST11.ETAD_Input" Type="UINT">
<Prod Device="IF4.ST2.IF1.ST11" DPName="ETAD_Input" Kind="io"/>
<Cons Device="TC#1-CPYDEV" DPName="::EVIRD.STATE" Kind="pv"/>
</LN>
<LN ID="%IX.IF4.ST2.IF1.ST11.ETI_Input_Bool_00" Type="BOOL">
<Prod Device="IF4.ST2.IF1.ST11" DPName="ETI_Input_Bool_00" Kind="io"/>
</LN>
<LN ID="%IX.IF4.ST2.IF1.ST11.ETI_Input_Bool_01" Type="BOOL">
<Prod Device="IF4.ST2.IF1.ST11" DPName="ETI_Input_Bool_01" Kind="io"/>
</LN>
<LN ID="%IX.IF4.ST2.IF1.ST11.ETI_Input_Bool_02" Type="BOOL">
<Prod Device="IF4.ST2.IF1.ST11" DPName="ETI_Input_Bool_02" Kind="io"/>
</LN>
<LN ID="%IX.IF4.ST2.IF1.ST11.ETI_Input_Bool_04" Type="BOOL">
<Prod Device="IF4.ST2.IF1.ST11" DPName="ETI_Input_Bool_04" Kind="io"/>
</LN>
<LN ID="%IX.IF4.ST2.IF1.ST11.ETI_Input_Bool_05" Type="BOOL">
<Prod Device="IF4.ST2.IF1.ST11" DPName="ETI_Input_Bool_05" Kind="io"/>
</LN>
<LN ID="%IX.IF4.ST2.IF1.ST11.ETI_Input_Bool_06" Type="BOOL">
<Prod Device="IF4.ST2.IF1.ST11" DPName="ETI_Input_Bool_06" Kind="io"/>
</LN>
<LN ID="%IX.IF4.ST2.IF1.ST11.ETI_Input_Bool_07" Type="BOOL">
<Prod Device="IF4.ST2.IF1.ST11" DPName="ETI_Input_Bool_07" Kind="io"/>
</LN>
<LN ID="%IX.IF4.ST2.IF1.ST11.ETI_Input_Bool_08" Type="BOOL">
<Prod Device="IF4.ST2.IF1.ST11" DPName="ETI_Input_Bool_08" Kind="io"/>
</LN>
<LN ID="%IX.IF4.ST2.IF1.ST11.ETI_Input_Bool_09" Type="BOOL">
<Prod Device="IF4.ST2.IF1.ST11" DPName="ETI_Input_Bool_09" Kind="io"/>
</LN>
<LN ID="%IX.IF4.ST2.IF1.ST11.ETI_Input_Bool_10" Type="BOOL">
<Prod Device="IF4.ST2.IF1.ST11" DPName="ETI_Input_Bool_10" Kind="io"/>
</LN>
<LN ID="%IX.IF4.ST2.IF1.ST11.ETI_Input_Bool_11" Type="BOOL">
<Prod Device="IF4.ST2.IF1.ST11" DPName="ETI_Input_Bool_11" Kind="io"/>
</LN>
<LN ID="%IX.IF4.ST2.IF1.ST11.ETI_Input_Bool_12" Type="BOOL">
<Prod Device="IF4.ST2.IF1.ST11" DPName="ETI_Input_Bool_12" Kind="io"/>
</LN>
<LN ID="%IX.IF4.ST2.IF1.ST11.ETI_Input_Bool_13" Type="BOOL">
<Prod Device="IF4.ST2.IF1.ST11" DPName="ETI_Input_Bool_13" Kind="io"/>
</LN>
<LN ID="%IX.IF4.ST2.IF1.ST11.ETI_Input_Bool_14" Type="BOOL">
<Prod Device="IF4.ST2.IF1.ST11" DPName="ETI_Input_Bool_14" Kind="io"/>
</LN>
<LN ID="%IX.IF4.ST2.IF1.ST11.ETI_Input_Bool_15" Type="BOOL">
<Prod Device="IF4.ST2.IF1.ST11" DPName="ETI_Input_Bool_15" Kind="io"/>
</LN>
<LN ID="%IW.IF4.ST2.IF1.ST11.RFRD_Input" Type="INT">
<Prod Device="IF4.ST2.IF1.ST11" DPName="RFRD_Input" Kind="io"/>
</LN>
<LN ID="%IW.IF4.ST2.IF1.ST11.OTR_Input" Type="INT">
<Prod Device="IF4.ST2.IF1.ST11" DPName="OTR_Input" Kind="io"/>
</LN>
<LN ID="%IW.IF4.ST2.IF1.ST11.LCR_Input" Type="UINT">
<Prod Device="IF4.ST2.IF1.ST11" DPName="LCR_Input" Kind="io"/>
</LN>
<LN ID="%IW.IF4.ST2.IF1.ST11.THD_Input" Type="UINT">
<Prod Device="IF4.ST2.IF1.ST11" DPName="THD_Input" Kind="io"/>
</LN>
<LN ID="%IW.IF4.ST2.IF1.ST11.THR_Input" Type="UINT">
<Prod Device="IF4.ST2.IF1.ST11" DPName="THR_Input" Kind="io"/>
</LN>
<LN ID="%IX.IF4.ST2.IF1.ST11.IOLR_Input_Bool_00" Type="BOOL">
<Prod Device="IF4.ST2.IF1.ST11" DPName="IOLR_Input_Bool_00" Kind="io"/>
</LN>
<LN ID="%IX.IF4.ST2.IF1.ST11.IOLR_Input_Bool_01" Type="BOOL">
<Prod Device="IF4.ST2.IF1.ST11" DPName="IOLR_Input_Bool_01" Kind="io"/>
</LN>
<LN ID="%IX.IF4.ST2.IF1.ST11.IOLR_Input_Bool_02" Type="BOOL">
<Prod Device="IF4.ST2.IF1.ST11" DPName="IOLR_Input_Bool_02" Kind="io"/>
</LN>
<LN ID="%IX.IF4.ST2.IF1.ST11.IOLR_Input_Bool_03" Type="BOOL">
<Prod Device="IF4.ST2.IF1.ST11" DPName="IOLR_Input_Bool_03" Kind="io"/>
</LN>
<LN ID="%IX.IF4.ST2.IF1.ST11.IOLR_Input_Bool_09" Type="BOOL">
<Prod Device="IF4.ST2.IF1.ST11" DPName="IOLR_Input_Bool_09" Kind="io"/>
</LN>
<LN ID="%IW.IF4.ST2.IF1.ST11.ERRD_Input" Type="UINT">
<Prod Device="IF4.ST2.IF1.ST11" DPName="ERRD_Input" Kind="io"/>
</LN>
<LN ID="%IW.IF4.ST2.IF1.ST11.LFT_Input" Type="INT">
<Prod Device="IF4.ST2.IF1.ST11" DPName="LFT_Input" Kind="io"/>
</LN>
<LN ID="%IB.IF4.ST2.IF1.ST11.SDC_LifeCnt" Type="SINT">
<Prod Device="IF4.ST2.IF1.ST11" DPName="SDC_LifeCnt" Kind="io"/>
<Cons Device="TC#1-CPYDEV" DPName="gAxis01_DrvIf.iLifeCnt" Kind="pv"/>
<Cons Device="TC#1-CPYDEV" DPName="gAxis01_DiDoIf.iLifeCntDriveReady" Kind="pv"/>
<Cons Device="TC#1-CPYDEV" DPName="gAxis01_DiDoIf.iLifeCntDriveEnable" Kind="pv"/>
</LN>
<LN ID="%QW.IF4.ST2.IF1.ST11.CMDD_Output" Type="UINT">
<Prod Device="TC#1-CPYDEV" DPName="::EVIRD.CMD" Kind="pv"/>
<Cons Device="IF4.ST2.IF1.ST11" DPName="CMDD_Output" Kind="io"/>
</LN>
<LN ID="%QX.IF4.ST2.IF1.ST11.CMI_Output_Bool_00" Type="BOOL">
<Cons Device="IF4.ST2.IF1.ST11" DPName="CMI_Output_Bool_00" Kind="io"/>
</LN>
<LN ID="%QX.IF4.ST2.IF1.ST11.CMI_Output_Bool_03" Type="BOOL">
<Cons Device="IF4.ST2.IF1.ST11" DPName="CMI_Output_Bool_03" Kind="io"/>
</LN>
<LN ID="%QX.IF4.ST2.IF1.ST11.CMI_Output_Bool_04" Type="BOOL">
<Cons Device="IF4.ST2.IF1.ST11" DPName="CMI_Output_Bool_04" Kind="io"/>
</LN>
<LN ID="%QX.IF4.ST2.IF1.ST11.CMI_Output_Bool_09" Type="BOOL">
<Cons Device="IF4.ST2.IF1.ST11" DPName="CMI_Output_Bool_09" Kind="io"/>
</LN>
<LN ID="%QX.IF4.ST2.IF1.ST11.CMI_Output_Bool_13" Type="BOOL">
<Cons Device="IF4.ST2.IF1.ST11" DPName="CMI_Output_Bool_13" Kind="io"/>
</LN>
<LN ID="%QX.IF4.ST2.IF1.ST11.CMI_Output_Bool_15" Type="BOOL">
<Cons Device="IF4.ST2.IF1.ST11" DPName="CMI_Output_Bool_15" Kind="io"/>
</LN>
<LN ID="%QW.IF4.ST2.IF1.ST11.LFRD_Output" Type="INT">
<Prod Device="TC#1-CPYDEV" DPName="::speed" Kind="pv"/>
<Cons Device="IF4.ST2.IF1.ST11" DPName="LFRD_Output" Kind="io"/>
</LN>
<LN ID="%QX.IF4.ST2.IF1.ST11.IOLR_Output_Bool_09" Type="BOOL">
<Cons Device="IF4.ST2.IF1.ST11" DPName="IOLR_Output_Bool_09" Kind="io"/>
</LN>
<LN ID="%QW.IF4.ST2.IF1.ST11.SDC_SetTime" Type="INT">
<Prod Device="TC#1-CPYDEV" DPName="gAxis01_DrvIf.oSetTime" Kind="pv"/>
<Cons Device="IF4.ST2.IF1.ST11" DPName="SDC_SetTime" Kind="io"/>
</LN>
<LN ID="%QX.IF4.ST2.IF1.ST11.DigitalOutput01" Type="BOOL">
<Cons Device="IF4.ST2.IF1.ST11" DPName="DigitalOutput01" Kind="io"/>
</LN>
<LN ID="%IX.IF4.ST2.IF1.ST11.StatusDigitalOutput01" Type="BOOL">
<Prod Device="IF4.ST2.IF1.ST11" DPName="StatusDigitalOutput01" Kind="io"/>
</LN>
<LN ID="%IW.IF4.ST2.IF1.ST11.BusModuleId" Type="UINT">
<Prod Device="IF4.ST2.IF1.ST11" DPName="BusModuleId" Kind="io"/>
</LN>
<LN ID="%IB.IF4.ST2.IF1.ST11.ModeOfOperation" Type="USINT">
<Prod Device="IF4.ST2.IF1.ST11" DPName="ModeOfOperation" Kind="io"/>
</LN>
<LN ID="%ID.IF4.ST2.IF1.ST11.ModeOfOperationChangeTime" Type="DATE_AND_TIME">
<Prod Device="IF4.ST2.IF1.ST11" DPName="ModeOfOperationChangeTime" Kind="io"/>
</LN>
<LN ID="%ID.IF4.ST2.IF1.ST11.NrOfResets" Type="DINT">
<Prod Device="IF4.ST2.IF1.ST11" DPName="NrOfResets" Kind="io"/>
</LN>
<LN ID="%ID.IF4.ST2.IF1.ST11.NrOfResetsChangeTime" Type="DATE_AND_TIME">
<Prod Device="IF4.ST2.IF1.ST11" DPName="NrOfResetsChangeTime" Kind="io"/>
</LN>
<LN ID="%ID.IF4.ST2.IF1.ST11.NrOfInits" Type="DINT">
<Prod Device="IF4.ST2.IF1.ST11" DPName="NrOfInits" Kind="io"/>
</LN>
<LN ID="%ID.IF4.ST2.IF1.ST11.NrOfInitsChangeTime" Type="DATE_AND_TIME">
<Prod Device="IF4.ST2.IF1.ST11" DPName="NrOfInitsChangeTime" Kind="io"/>
</LN>
<LN ID="%ID.IF4.ST2.IF1.ST11.NrOfFwUpdates" Type="DINT">
<Prod Device="IF4.ST2.IF1.ST11" DPName="NrOfFwUpdates" Kind="io"/>
</LN>
<LN ID="%ID.IF4.ST2.IF1.ST11.NrOfFwUpdatesChangeTime" Type="DATE_AND_TIME">
<Prod Device="IF4.ST2.IF1.ST11" DPName="NrOfFwUpdatesChangeTime" Kind="io"/>
</LN>
<LN ID="%ID.IF4.ST2.IF1.ST11.ModuleNoComm" Type="DINT">
<Prod Device="IF4.ST2.IF1.ST11" DPName="ModuleNoComm" Kind="io"/>
</LN>
<LN ID="%ID.IF4.ST2.IF1.ST11.ModuleNoCommChangeTime" Type="DATE_AND_TIME">
<Prod Device="IF4.ST2.IF1.ST11" DPName="ModuleNoCommChangeTime" Kind="io"/>
</LN>
<LN ID="%ID.IF4.ST2.IF1.ST11.ModuleCommError" Type="DINT">
<Prod Device="IF4.ST2.IF1.ST11" DPName="ModuleCommError" Kind="io"/>
</LN>
<LN ID="%ID.IF4.ST2.IF1.ST11.ModuleCommErrorChangeTime" Type="DATE_AND_TIME">
<Prod Device="IF4.ST2.IF1.ST11" DPName="ModuleCommErrorChangeTime" Kind="io"/>
</LN>
<LN ID="%IX.IF4.ST2.IF1.ST1.ModuleOk" Type="BOOL">
<Prod Device="IF4.ST2.IF1.ST1" DPName="ModuleOk" Kind="io"/>
</LN>
<LN ID="%ID.IF4.ST2.IF1.ST1.SerialNumber" Type="UDINT">
<Prod Device="IF4.ST2.IF1.ST1" DPName="SerialNumber" Kind="io"/>
</LN>
<LN ID="%IW.IF4.ST2.IF1.ST1.ModuleID" Type="UINT">
<Prod Device="IF4.ST2.IF1.ST1" DPName="ModuleID" Kind="io"/>
</LN>
<LN ID="%IW.IF4.ST2.IF1.ST1.HardwareVariant" Type="UINT">
<Prod Device="IF4.ST2.IF1.ST1" DPName="HardwareVariant" Kind="io"/>
</LN>
<LN ID="%IW.IF4.ST2.IF1.ST1.FirmwareVersion" Type="UINT">
<Prod Device="IF4.ST2.IF1.ST1" DPName="FirmwareVersion" Kind="io"/>
</LN>
<LN ID="%IX.IF4.ST2.IF1.ST1.StatusInput01" Type="BOOL">
<Prod Device="IF4.ST2.IF1.ST1" DPName="StatusInput01" Kind="io"/>
</LN>
<LN ID="%IX.IF4.ST2.IF1.ST1.StatusInput02" Type="BOOL">
<Prod Device="IF4.ST2.IF1.ST1" DPName="StatusInput02" Kind="io"/>
</LN>
<LN ID="%IW.IF4.ST2.IF1.ST1.BusModuleId" Type="UINT">
<Prod Device="IF4.ST2.IF1.ST1" DPName="BusModuleId" Kind="io"/>
</LN>
<LN ID="%IB.IF4.ST2.IF1.ST1.ModeOfOperation" Type="USINT">
<Prod Device="IF4.ST2.IF1.ST1" DPName="ModeOfOperation" Kind="io"/>
</LN>
<LN ID="%ID.IF4.ST2.IF1.ST1.ModeOfOperationChangeTime" Type="DATE_AND_TIME">
<Prod Device="IF4.ST2.IF1.ST1" DPName="ModeOfOperationChangeTime" Kind="io"/>
</LN>
<LN ID="%ID.IF4.ST2.IF1.ST1.NrOfResets" Type="DINT">
<Prod Device="IF4.ST2.IF1.ST1" DPName="NrOfResets" Kind="io"/>
</LN>
<LN ID="%ID.IF4.ST2.IF1.ST1.NrOfResetsChangeTime" Type="DATE_AND_TIME">
<Prod Device="IF4.ST2.IF1.ST1" DPName="NrOfResetsChangeTime" Kind="io"/>
</LN>
<LN ID="%ID.IF4.ST2.IF1.ST1.NrOfInits" Type="DINT">
<Prod Device="IF4.ST2.IF1.ST1" DPName="NrOfInits" Kind="io"/>
</LN>
<LN ID="%ID.IF4.ST2.IF1.ST1.NrOfInitsChangeTime" Type="DATE_AND_TIME">
<Prod Device="IF4.ST2.IF1.ST1" DPName="NrOfInitsChangeTime" Kind="io"/>
</LN>
<LN ID="%ID.IF4.ST2.IF1.ST1.NrOfFwUpdates" Type="DINT">
<Prod Device="IF4.ST2.IF1.ST1" DPName="NrOfFwUpdates" Kind="io"/>
</LN>
<LN ID="%ID.IF4.ST2.IF1.ST1.NrOfFwUpdatesChangeTime" Type="DATE_AND_TIME">
<Prod Device="IF4.ST2.IF1.ST1" DPName="NrOfFwUpdatesChangeTime" Kind="io"/>
</LN>
<LN ID="%ID.IF4.ST2.IF1.ST1.ModuleNoComm" Type="DINT">
<Prod Device="IF4.ST2.IF1.ST1" DPName="ModuleNoComm" Kind="io"/>
</LN>
<LN ID="%ID.IF4.ST2.IF1.ST1.ModuleNoCommChangeTime" Type="DATE_AND_TIME">
<Prod Device="IF4.ST2.IF1.ST1" DPName="ModuleNoCommChangeTime" Kind="io"/>
</LN>
<LN ID="%ID.IF4.ST2.IF1.ST1.ModuleCommError" Type="DINT">
<Prod Device="IF4.ST2.IF1.ST1" DPName="ModuleCommError" Kind="io"/>
</LN>
<LN ID="%ID.IF4.ST2.IF1.ST1.ModuleCommErrorChangeTime" Type="DATE_AND_TIME">
<Prod Device="IF4.ST2.IF1.ST1" DPName="ModuleCommErrorChangeTime" Kind="io"/>
</LN>
</Links></IO>
